Festival Name,City,Location,Start Date,End Date
Aarattu Mahotsavam,Kuzhalmannam,Azhakotha Sree Maha Deva Temple,2025-01-01,2025-11-30
Aarattu Mahotsavam,Mahadeva Temple Pandalam,N/A,2025-01-01,2025-12-31
Aarattu Mahotsavam,Nangiarkulangara Sree Krishna Temple,N/A,2025-01-01,2025-12-31
Adimali Fest,Adimali,Govt. High School ground,2025-01-01,2025-12-31
Adoor Gajamela,N/A,N/A,2025-01-01,2025-02-28
Adoor Gajamela,Parthasarathiy Temple Adoor,N/A,2025-01-01,2025-02-28
All Kerala Nursery Arts Fest,Tagore Centenary Hall,N/A,2025-01-01,2025-02-28
Anayadi Pooram,Anayadi Pazhayidam Sree Narasimha Swami Temple,N/A,2025-01-01,2025-02-28
Annual Feast,Kasaragode,Our Lady of Dolours Church,2025-01-01,2025-01-31
Annual Feast,Kottayam,St.Mary's Orthodox Church,2025-01-01,2025-01-31
Annual Festival,Chundakunnu Mahalakshmi Bhadrakali Temple,N/A,2025-01-01,2025-12-31
Annual Festival,North Paravoor,Dakshina Mookambika Temple,2025-01-01,2025-02-28
Annual Festival of Trikkur Mahadeva Temple,N/A,N/A,2025-01-01,2025-02-28
Aranmula Valla Sadya,Aranmula Parthasarathy Temple,N/A,2025-01-01,2025-02-28
Arattu Mahotsavam,Rameswaram,Mahadeva Temple,2025-01-01,2025-12-31
Arattu Mahotsavam,Sakthikulangara Sree Dharma Sastha Temple,N/A,2025-01-01,2025-01-31
Arthunkal Perunnal,St. Andrews Basilica,N/A,2025-01-01,2025-01-31
Arthunkal Perunnal St. Andrews Basilica,N/A,N/A,2025-01-01,2025-01-31
Ashtamudi Craft And Art Festival - Paramparya,N/A,N/A,2025-01-01,2025-12-31
Avittathur Thiruvutsavam,Shiva Temple,N/A,2025-01-01,2025-12-31
Ayalur Ratholsavam,Ayalur Siva Temple,N/A,2025-01-01,2025-12-31
Ayilyam Utsavam,Chapparapadavu,Karippal Nagam Temple,2025-01-01,2025-12-31
Brahmakalashotsava,Kunjathur,Mahalingeshwara Temple,2025-01-01,2025-02-28
Calicut Flower Show,N/A,N/A,2025-01-01,2025-01-31
Chandraponkala,Palliyara Devi Temple,N/A,2025-01-01,2025-02-28
Chavakkad Manathala Nercha,Manathala Juma Masjid,N/A,2025-01-01,2025-02-28
Chirappu,Mankombu Devi Temple,N/A,2025-01-01,2025-12-31
Chuttuvilakku Aarattu Mahotsavam,Pulpally,Sree Seetha Lava Kusha Temple,2025-01-01,2025-01-31
Cochin Carnival,Fort Kochi Beach,N/A,2025-01-01,2025-12-31
Cochin Flower Show,Ernakulam District Agri-Horticultural Society,N/A,2025-01-01,2025-02-28
Dasavatharacharthu Thiruvona Thiruvutsavam,Thrikkovil Sreepadmanabha Swami Temple,N/A,2025-01-01,2025-12-31
Dashadina Mahothsavam,Sreekrishnaswamy Temple Puthiyidam,N/A,2025-01-01,2025-12-31
Denaha,Piravam,Piravam Valiyapalli,2025-01-01,2025-01-31
Dialogue International Film Festival,Ottapalam,Jass Theatre,2025-01-01,2025-01-31
Documentary Short Film Festival,N/A,N/A,2025-01-01,2025-02-28
Edavaka Thirunal,Thokkupara,St. Sebastian's Church,2025-01-01,2025-01-31
Erumeli Chandanakudam,Vavar Juma Masjid,N/A,2025-01-01,2025-12-31
Farm Festival,Thodupuzha,N/A,2025-01-01,2025-12-31
Feast of Blessed Devasahayam Pilla,N/A,N/A,2025-01-01,2025-01-31
Feast of Our Lady of Mount Carmel,Thavinjal,N/A,2025-01-01,2025-01-31
Feast Of St. John The Baptist - I,Vakathanam,St John's Orthodox Valiyapally,2025-01-01,2025-01-31
Feast of St. Mary and St. Sebastian,Karimannoor,St. Mary's Forane Church,2025-01-01,2025-02-28
Feast of St. Sebastian,Balaramapuram,St. Sebastian's Forane Church,2025-01-01,2025-01-31
Feast of St.Kuriakose Elias Chavara,Mannanam,St Joseph Church,2025-01-01,2025-01-31
Ganesha Sangeethotsavam,Malliyoor Sree Maha Ganapathy Temple,N/A,2025-01-01,2025-11-30
Gothuruth Fest,N/A,N/A,2025-01-01,2025-12-31
Guruvayoor Ekadashi Mahotsavam,Manjeri Sree Krishna Swamy Temple,N/A,2025-01-01,2025-02-28
International Theatre Festival of Kerala,Thrissur,G.Sankara Pillai Cultural Complex,2025-01-01,2025-01-31
Kalam Kanippu Mahotsavam,Palakkunnu Bhagavathy Temple,N/A,2025-01-01,2025-12-31
Kalamezhuthu Pattu,Sree Muthrukunnu Bhagavathy Temple,N/A,2025-01-01,2025-12-31
Kaliyatta Mahothsavam,Payyannur,Manu Acharimarude Devastanam,2025-01-01,2025-02-28
Kaliyatta Mahothsavam,Payyannur,Thayineri Sree Kurinji Temple,2025-01-01,2025-02-28
Kaliyatta Mahotsavam,Kanathur Sree Nalvar Daivasthanam,N/A,2025-01-01,2025-12-31
Kaliyatta Mahotsavam,Kandoth,Koorba Bhagavathy Temple,2025-01-01,2025-12-31
Kaliyatta Mahotsavam,Karalikara Kannakattu Bhagavathy Temple,N/A,2025-01-01,2025-12-31
Kaliyattam,Perinthatta,Kalakattu Illam,2025-01-01,2025-01-31
Kaliyattom,Kottamkuzhy,Perumthitta Tharavadu,2025-01-01,2025-12-31
Kalloopara Convention,Kalloopara,St. Mary's Orthodox Church,2025-01-01,2025-02-28
Kanjoor Punyavalan Thirunal,Kanjoor,St. Mary's Forane Church,2025-01-01,2025-01-31
Kannadikavu Thiravellattu,Vishnumaya Temple,N/A,2025-01-01,2025-02-28
Kannankulangara Utsavam,North Paravur,Sree Krishna Swamy Temple,2025-01-01,2025-03-31
Kannenkavu Pooram,Mookuthala Bhagavathi Temple,N/A,2025-01-01,2025-01-31
Kathakali Fest,Ayroor,N/A,2025-01-01,2025-01-31
Kathakali Fest,N/A,N/A,2025-01-01,2025-01-31
Kathakali Festival,Asramam Sree Krishna Swamy Temple,N/A,2025-01-01,2025-12-31
Kathakali Festival,Puthiyakavu Devi Temple,N/A,2025-01-01,2025-12-31
Kavinpuram Thalappoli,Ezhacherry,Kavinpuram Devi Temple,2025-01-01,2025-12-31
Kochi Metro Short Film Fest,Kochi,N/A,2025-01-01,2025-02-28
Kochi-Muziris Biennale,N/A,N/A,2025-01-01,2025-12-31
Kodiyetta Mahotsavam,Payyanur,Raghavapuram Temple,2025-01-01,2025-02-28
Kodiyettu Mahotsavam,Batheri Sree Maha Ganapathy Temple,N/A,2025-01-01,2025-02-28
Kodiyettu Mahotsavam,Pongini Sree Bhadrakali Paradevatha Pullimalamma Temple,N/A,2025-01-01,2025-02-28
Kodiyettu Utsavam,Sree Triprangode Maha Siva Temple,N/A,2025-01-01,2025-12-31
Kodumbu Ratholsavam,Kodumbu Kalyana Subramanya Temple,N/A,2025-01-01,2025-02-28
Koduvayur Ratholsavam,Koduvayur Temple,N/A,2025-01-01,2025-12-31
Koodiyattam Festival,Moozhikulam,Nepathya Centre,2025-01-01,2025-12-31
Kottangal Padayani,Kottangal Devi Temple,N/A,2025-01-01,2025-01-31
Kshethrothsavam,Sree Thalikkavu Bhagavathy Temple,N/A,2025-01-01,2025-02-28
Kumble Bedi,Kanipura Sree Gopalakrishna Temple,N/A,2025-01-01,2025-01-31
Kunnathur Padi Festival,Udumbumala,Kunnathur Padi,2025-01-01,2025-12-31
Kuruthi Thiru Mahotsavam,Ammachiveedu Muhurthi Temple,N/A,2025-01-01,2025-12-31
Lakshadeepam,Eloor,Naranath Sreekrishna Temple,2025-01-01,2025-01-31
Mahothsavam,Kadungonchira Mahaganapathy Temple,N/A,2025-01-01,2025-12-31
Mahotsavam,Kadalayi,Sree Krishna Temple,2025-01-01,2025-02-28
Mahotsavam,Kuzhippilly Balakrishna Temple,N/A,2025-01-01,2025-02-28
Mahotsavam,Peralasserry Subrahmanya Temple,N/A,2025-01-01,2025-12-31
Makara Bharani Utsavam,Thrichattukulam Mahadeva Temple,N/A,2025-01-01,2025-02-28
Makara Mahotsavam,Uravappara Subrahmanya Swamy Temple,N/A,2025-01-01,2025-02-28
Makara Thiruvathira Mahotsavam,Rameswaram Mahadevar Temple,N/A,2025-01-01,2025-01-31
Makara Utsavam,Evoor Sree Krishna Swamy Temple,N/A,2025-01-01,2025-02-28
Makarabharani Thiruvutsavam,Ayiroor Puthiyakavu Devi Temple,N/A,2025-01-01,2025-02-28
Makarachovva Mahotsavam,Chembuthara Kodungallurkavu Bhagavathy Kshethram,N/A,2025-01-01,2025-02-28
Makarachowa Thiruvenkitachalapathy Temple,N/A,N/A,2025-01-01,2025-02-28
Makaram Festival,Thirupuliyoor Mahavishnu Temple,N/A,2025-01-01,2025-02-28
Makaram Thirunal,St Marys Cathedral Changanassery,N/A,2025-01-01,2025-01-31
Makarapathu Mahotsavam,Sree Rajarajeswari Temple,N/A,2025-01-01,2025-02-28
Makaravilakku,Sabarimala,N/A,2025-01-01,2025-01-31
Makaravilakku Maholsavam,Sree Puthiyakavu Bhagavathi Temple,N/A,2025-01-01,2025-12-31
Makaravilakku Mahotsavam,Kunnapuzha,Sreekandan Sastha Temple,2025-01-01,2025-12-31
Makarothsavam,Sree Karinkalikavu Bhagavathy Temple,N/A,2025-01-01,2025-02-28
Malabar Mahotsavam,N/A,N/A,2025-01-01,2025-01-31
Mamankam,Thirunavaya,N/A,2025-01-01,2025-02-28
Mandala Mahotsavam,Aravukad Sreedevi Temple,N/A,2025-01-01,2025-12-31
Mar Abo Feast,Thevelakkara,Martha Mariam Orthodox Syrian Church,2025-01-01,2025-02-28
Markazhi Festival,Haripad,Sree Subrahmanya Temple,2025-01-01,2025-12-31
Maruputhari Mahotsavam Palakkunnu Bhagavathy Temple,N/A,N/A,2025-01-01,2025-12-31
Moonnu Nombu Feast,St. Alphonsa Shrine Church And Pilgrim Centre,N/A,2025-01-01,2025-02-28
Mudra National Dance Festival,N/A,N/A,2025-01-01,2025-02-28
Mullackal chirappu- Sree Rajarajeshwari Temple,Mullackal,N/A,2025-01-01,2025-12-31
Nadathuruppu Mahotsavam,Thiruvairanikulam Temple,N/A,2025-01-01,2025-12-31
Nattika Beach Festival,N/A,N/A,2025-01-01,2025-01-31
Navarathri Festival,Payyannur,Edatt Sree Thrikai Mahavishnu Temple,2025-01-01,2025-02-28
Neyyatta Mahotsavam,Puthukkai Sree Sadashiva Kshethram,N/A,2025-01-01,2025-02-28
Nilambur Pattu Utsavam,N/A,N/A,2025-01-01,2025-01-31
Nineveh Convention,Koompanpara,St. George Jacobite Church,2025-01-01,2025-01-31
Nishagandhi Dance and Music Festival,Kanakakkunnu,Nishagandhi Theatre,2025-01-01,2025-01-31
Nishagandhi Dance and Music Festival,N/A,N/A,2025-01-01,2025-01-31
Olarikkara Thalappoli Mahotsavam,Olarikkara Bagavathy Temple,N/A,2025-01-01,2025-12-31
Orkkatteri Thalappoli,Siva Bhagavathy temple,N/A,2025-01-01,2025-12-31
Orma Perunnal,Kottayam,St.Peter's and St Paul's Orthodox Church,2025-01-01,2025-01-31
Ottapalam Nercha,Ottapalam Juma Masjid,N/A,2025-01-01,2025-02-28
Padayani Festival,Thelliyurkkavu Devi Temple,N/A,2025-01-01,2025-12-31
Padukaval Thirunnal Mahotsavam,Kanjirakkodu,St.Antonys Church,2025-01-01,2025-02-28
Palakkad Literary Fest,Rappadi Auditorium,N/A,2025-01-01,2025-01-31
Pathamudaya Mahotsavam,Chirakkadavu,Manakkattu Sree Bhadra Temple,2025-01-01,2025-12-31
Pattu Mahotsavam,Kandothidam Sree Someshwari Temple,N/A,2025-01-01,2025-12-31
Pattukalam Kudicha Mahotsavom,Manarcad,Sree Bagavathi Temple,2025-01-01,2025-12-31
Pattulsavam,Madiyan Koolom Temple,N/A,2025-01-01,2025-12-31
Pattumahotsavam,Aneekkara Poomala Bhagavathy Temple,N/A,2025-01-01,2025-01-31
Pattumahotsavam,Balussery,Sree Vettakkorumakan Temple,2025-01-01,2025-01-31
Pavakkulam Thiruvutsavam,Pavakulam,Sree Mahadeva Kshetram,2025-01-01,2025-12-31
Perumkaliyattam,Karipody,Muchilot Bhagavathi Temple,2025-01-01,2025-01-31
Perumkaliyattam,Karivellur,Muchilot Bhagavathy Temple,2025-01-01,2025-12-31
Perungottukavu Pooram,Perungottukavu Bhagavathi Temple,N/A,2025-01-01,2025-02-28
Pindi Perunnal,Irinjalakuda,St. Thomas Syro-Malabar Catholic Cathedral,2025-01-01,2025-01-31
Poopoli National Agri Fest,Ambalavayal,N/A,2025-01-01,2025-02-28
Prathishta Dinam,Sree Ettiyottu Ayyappa Temple,N/A,2025-01-01,2025-02-28
Prathishtadina Mahotsavam,Edatt Sree Thrikai Mahavishnu Temple,N/A,2025-01-01,2025-02-28
Prathishtadina Mahotsavam,Kokkanissery Madathumpadi Sree Subramanya Swami Temple,N/A,2025-01-01,2025-02-28
Prathishtadina Mahotsavam,Krishnamoola,Sree Krishna Temple,2025-01-01,2025-12-31
Prathishtadinam,Sree Pattu Parambu Bhagavathy Kavu,N/A,2025-01-01,2025-02-28
Rakkuli Thirunnal Festival,Pala,St Thomas Cathedral Church,2025-01-01,2025-01-31
Rathotsavam,Chirakkadavu,Manakkattu Sree Bhadra Temple,2025-01-01,2025-12-31
Rig Veda Laksharchana,Sree Kadambuzha Bhagavathy Temple,N/A,2025-01-01,2025-12-31
Samyuktha Thirunal,Kaliyar,St. Ritha's Forane Church,2025-01-01,2025-02-28
Samyuktha Thirunal II,Vannapuram,Mar Sleeva Town Church,2025-01-01,2025-01-31
Samyuktha Thirunnal,Koompanpara,Fathima Matha Forane Church,2025-01-01,2025-12-31
Sargaalaya International Crafts Festival,N/A,N/A,2025-01-01,2025-12-31
Shivarathri Festival,Emoor Bhagavathy Temple,N/A,2025-01-01,2025-02-28
Shivarathri Mahotsavam,Thonnakkal Kudavoor Mahadeva Temple,N/A,2025-01-01,2025-12-31
Sivagiri Theerthadanam,Varkala Shivagiri,N/A,2025-01-01,2025-12-31
St. John De Britto's Feast,St. John Britto Church,N/A,2025-01-01,2025-02-28
St. Joseph's Feast,St. Joseph Forane Church,N/A,2025-01-01,2025-01-31
St. Jude's Thirunal,Adimali,St. Jude Church,2025-01-01,2025-01-31
St. Peter's Feast,Kurichy,St.Peter's And Paul's Orthodox Church,2025-01-01,2025-01-31
St. Sebastian's Feast,Cherukattur,St. Sebastian's Church,2025-01-01,2025-01-31
St. Sebastian's Feast,Thonichal,St. Sebastian's Church,2025-01-01,2025-01-31
St. Sebastians Feast,Athirampuzha,St. Mary's Forane Church,2025-01-01,2025-02-28
St. Sebastians Feast,St. Mary's Forane Church Athirampuzha,N/A,2025-01-01,2025-01-31
St. Thomas' Feast,St. Thomas Forane Church,N/A,2025-01-01,2025-02-28
St.Francis Xavier Feast,Infant Jesus Cathedral,N/A,2025-01-01,2025-01-31
St.Sebastian's Feast,Neendakara,St. Sebastian's Forane Church,2025-01-01,2025-01-31
St.Thomas' Feast,Mananthavady,St. Thomas Orthodox Church,2025-01-01,2025-01-31
Swathi Sangeethotsavam,Kuthiramalika,N/A,2025-01-01,2025-01-31
Thaipooya Kavadi Mahotsavam,Eruthavoor Balasubrahmanya Swamy Temple,N/A,2025-01-01,2025-02-28
Thaipooya Kavadiyattam Festival,Kottayam,Perunna Subramanya Swami Temple,2025-01-01,2025-01-31
Thaipooya Mahotsavam,Koorkenchery,Sree Maheswara Temple,2025-01-01,2025-02-28
Thaipooya Mahotsavam,Munnar,Pranava Subrahmanya Temple,2025-01-01,2025-02-28
Thaipooya Mahotsavam,Vendar,Sree Subramanyaswami Temple,2025-01-01,2025-02-28
Thaipooyam,Calicut,Sree Subramanya swamy Temple,2025-01-01,2025-02-28
Thaipooyam,Kodumthara,Subrahmanya Swamy Temple,2025-01-01,2025-02-28
Thaipooyam,Mundankavu,Vadasserikavu Bhagavathy Temple,2025-01-01,2025-02-28
Thaipooyam festival,Chakkai Balasubramanya Temple,N/A,2025-01-01,2025-02-28
Thaipooyam Festival,Haripad,Sree Subrahmanya Temple,2025-01-01,2025-02-28
Thaipooyam Festival,Perissery,Thripperoor Kulangara Sree Subrahmanya Swamy Temple,2025-01-01,2025-02-28
Thaippooya Mahotsavam,Karikkad Sree Subramanya Temple,N/A,2025-01-01,2025-02-28
Thalapoli,Kodungallurkavu Bhagavathy Temple,N/A,2025-01-01,2025-02-28
Thalapoli Mahotsavam,Sree Karinkali Kavu Bhagavathy Temple,N/A,2025-01-01,2025-12-31
Thalapolli Guruthi mahotsavom,Calicut,Paliyarkotta Sree Bagavathy Temple,2025-01-01,2025-02-28
Thalappoli Mahotsavam,Muthukadu Bhagavathi Temple,N/A,2025-01-01,2025-02-28
Thalappoli Mahotsavam,Nayarambalam Bhagavathy Temple,N/A,2025-01-01,2025-02-28
Thira Mahotsavom,Pavandoor,Muttil Bhagavathi Temple,2025-01-01,2025-02-28
Thiru Uthsavam,Kannamangalam Sree Mahadeva Temple,N/A,2025-01-01,2025-12-31
Thiru Uthsavom,"Eruva, Kayamkulam",Sreekrishna Swamy Temple,2025-01-01,2025-02-28
Thiru Utsavam,Mariyapally Sree Mahadeva Maha Vishnu Temple,N/A,2025-01-01,2025-12-31
Thirunnal,Fathima Matha Church,N/A,2025-01-01,2025-01-31
Thirunnal,Kalloopara,St. Mary's Orthodox Church,2025-01-01,2025-02-28
Thiruutsavam,Chirakkadavu,Chirakkadavu Mahadeva Temple,2025-01-01,2025-02-28
Thiruvabharana Ghoshayatra,Pandalam,Valiya Koikkal Dharma Sastha Temple,2025-01-01,2025-01-31
Thiruvappana Mahotsavam,Kunnathurpadi Muthappan Devasthanam,N/A,2025-01-01,2025-12-31
Thiruvathira Mahotsavam,Kilimanoor,Mahadeveshwaram Temple,2025-01-01,2025-12-31
Thiruvathira Mahotsavam,Rajakkad,Mahadevar Temple,2025-01-01,2025-01-31
Thiruvathira Mahotsavam,Thrikkadeeri,Sri Moonnumoorthy Temple,2025-01-01,2025-12-31
Thiruvathira Mahotsavam,Vazhithala,Thrikkekkunnu Mahadeva Temple,2025-01-01,2025-12-31
Thiruvathira Mahotsavam and Dashalaksha Deepotsavam,Chowalloor Sivakshethram,N/A,2025-01-01,2025-12-31
Thiruvtsavam,Kandiyoor Mahadeva Temple,N/A,2025-01-01,2025-12-31
Thiruvutsavam,Aranmula Parthasarathy Temple,N/A,2025-01-01,2025-01-31
Thiruvutsavam,Chakkulathukavu Bhagavathy Temple,N/A,2025-01-01,2025-12-31
Thiruvutsavam,Elamgulam Sastha Temple Festival,N/A,2025-01-01,2025-01-31
Thiruvutsavam,Kaviyur Mahadeva Temple,N/A,2025-01-01,2025-12-31
Thiruvutsavam,Kothakulangara Bhagavathy Temple,N/A,2025-01-01,2025-02-28
Thiruvutsavam,Manakkad,Manakkad Sree Narasimha Swami Temple,2025-01-01,2025-02-28
Thiruvutsavam,Pullukulangara Dharma Sastha Temple,N/A,2025-01-01,2025-02-28
Thiruvutsavam,Thirunettoor Mahadeva Temple,N/A,2025-01-01,2025-12-31
Thiruvutsavam,Uliyannoor Mahadeva Temple,N/A,2025-01-01,2025-02-28
Thiruvutsavam,Valamchuzhy Bhagavathy Temple,N/A,2025-01-01,2025-01-31
Thiruvutsavam,Velloorkunnam Mahadevar Temple,N/A,2025-01-01,2025-12-31
Thrikkodiyettu Mahotsavam,Goureeshapattom,Mahadeva Temple,2025-01-01,2025-02-28
Thunchan Festival,Thunchanparambu,N/A,2025-01-01,2025-02-28
Tyagaraja Utsavam,Kozhikode,N/A,2025-01-01,2025-02-28
Unnimishihayude Darshana Thirunal,Cherpunkal,Mar Sleeva Forane Church,2025-01-01,2025-12-31
Uroos Mahamaham,Balaramapuram Mosque,N/A,2025-01-01,2025-02-28
Utsavam,Bharananganam Sree Krishna Temple,N/A,2025-01-01,2025-02-28
Utsavam,Ernakulathappan Shiva Temple,N/A,2025-01-01,2025-02-28
Utsavam,Kottapadi,Mannoor Shiva Temple,2025-01-01,2025-12-31
Utsavam,Sree Valayanad Bhagavaty Temple,N/A,2025-01-01,2025-02-28
Utsavam,Thrikkangode,Randu Moorthy Temple,2025-01-01,2025-12-31
Vaikunda Ekadesi Festival,Nelluvai,Dhanwanthari Temple,2025-01-01,2025-12-31
Valiya Perunnal,Kurichy,Mor Ignatius Knanaya Church,2025-01-01,2025-01-31
Vangi Perunnal,Kottayam,St.Mary's Orthodox Church,2025-01-01,2025-01-31
Varshika Mahotsavam,Aazhimala Siva Temple,N/A,2025-01-01,2025-02-28
Varshika Mahotsavam,Champakkara,Vaishnava Gandharva Swamy Temple,2025-01-01,2025-12-31
Varshikotsavam,Chengannur Mahadevar Temple,N/A,2025-01-01,2025-12-31
Wayanad Community Seed Fest,N/A,N/A,2025-01-01,2025-01-31
Yahum Thangal Valiya Nercha,Tirur,Yahum Thangal Maqam,2025-01-01,2025-01-31
Aanayottam Utsavam,N/A,N/A,2025-02-01,2025-03-31
Aarattu Mahotsavam,Karimpuzha Sree Ramaswamy Temple,N/A,2025-02-01,2025-03-31
Aarattu Mahotsavam,Panavally,Nalpathaneeswaram Mahadeva Temple,2025-02-01,2025-03-31
Aarattu Utsavam,Kuttumukku Shiva Temple,N/A,2025-02-01,2025-03-31
Adavi Mahotsavam,Pandalam,Puthenkavu Devi Temple,2025-02-01,2025-03-31
Ammankoda Maholsavam,Nedumangad,Sree Mutharamman Temple,2025-02-01,2025-03-31
Annual Feast,Kallody,St. George Forane Church,2025-02-01,2025-02-28
Annual Feast,Koompanpara,St. George Jacobite Church,2025-02-01,2025-02-28
Annual Festival,Mujamkavu Parthasarathy Temple,N/A,2025-02-01,2025-02-28
Annual Festival,Thalassery,Jagannatha Temple,2025-02-01,2025-03-31
Annual Festival,Valavanadu Puthenkavu Devi Temple,N/A,2025-02-01,2025-02-28
Arakurissi Udayarkunnu Pooram,Arakurissi Udayarkunnu Bhagavathy Temple,N/A,2025-02-01,2025-03-31
Arattu Ulsavam Ettumanoor Mahadeva Temple,N/A,N/A,2025-02-01,2025-03-31
Arattu Utsavam,Malayalappuzha Devi Temple,N/A,2025-02-01,2025-03-31
Ashwathi Mahotsavam,Valiakulangara Devi Temple,N/A,2025-02-01,2025-03-31
Attukal Pongala Mahotsavam,N/A,N/A,2025-02-01,2025-03-31
Ayiroor Cherukolpuzha Religious Convention,N/A,N/A,2025-02-01,2025-02-28
Bharani Mahotsavam,Palakkunnu Bhagavathy Temple,N/A,2025-02-01,2025-03-31
Bharani Vela,Kunhimangalam,Malliyottu Palottu Kavu Temple,2025-02-01,2025-03-31
Brahmotsavam,Perumkulam South Village,Sri Krishna Temple,2025-02-01,2025-03-31
Chandanakavu Vela,Pudupariyaram,Chandana Bhagavathy Temple,2025-02-01,2025-03-31
Cherupulassery Aarattu,Sree Ayyappankavu Temple,N/A,2025-02-01,2025-03-31
Chilanka Dance Festival,Vyloppilli Samskruti Bhavan,N/A,2025-02-01,2025-11-30
Chinakathoor Pooram,Sree Chinakkathoor Bhagavathy Temple,N/A,2025-02-01,2025-03-31
Chittur Kongan Pada,Chittur,N/A,2025-02-01,2025-03-31
Chottanikkara Makam Thozhal Mahotsavam,N/A,N/A,2025-02-01,2025-03-31
Deshiya Maholsavam,Alampara Devi Temple,N/A,2025-02-01,2025-03-31
Ekadashi Mahotsavam,Thiruvilwamala,N/A,2025-02-01,2025-03-31
Ekadasi Utsavam,Puzhakkattiri,Sree Rama Swamy Temple,2025-02-01,2025-03-31
Eniyadi Maqam Uroos,Eniyadi Maqam,N/A,2025-02-01,2025-02-28
Feast of Geevarghese,Kottayam,Orthodox Theological Seminary,2025-02-01,2025-02-28
Feast of St. Antony,Poovar,St. Bartholomew Church,2025-02-01,2025-02-28
Feast Of St. Sebastian,Nediyasala,St. Mary's Church,2025-02-01,2025-02-28
Feast Of St. Sebastian,Thodupuzha,St. Sebastian's Forane Church,2025-02-01,2025-02-28
Gowri National Cultural Festival,Rappadi Auditorium,N/A,2025-02-01,2025-02-28
Guru Gopinath National Dance Festival,Guru Gopinath Natanagramam,N/A,2025-02-01,2025-02-28
Guruvayur Aanayottam,Guruvayur,N/A,2025-02-01,2025-03-31
International Film Festival of Malappuram,N/A,N/A,2025-02-01,2025-03-31
Kadakkal Thiruvathira Mahotsavam,Kadakkal Devi Temple,N/A,2025-02-01,2025-03-31
Kakkoor Kalavayal Festival,N/A,N/A,2025-02-01,2025-03-31
Kaliyatta Mahotsavam,Kandankali,Poonthuruthi Sree Urpazhachi Vettakoru Makan Temple,2025-02-01,2025-03-31
Kaliyatta Mahotsavam,Nileshwaram,Padarkulangara Bhagavathy Temple,2025-02-01,2025-02-28
Kaliyatta Mahotsavam,Pangadam Sree Neelakai Bhagavathy Temple,N/A,2025-02-01,2025-03-31
Kaliyoottu Mahotsavam,Chirayinkeezhu,Sarkara Devi Temple,2025-02-01,2025-03-31
Kaliyoottu Mahotsavam,Major Vellayani Devi Temple,N/A,2025-02-01,2025-03-31
Karkidavavubali,Vennimala Sree Rama Lakshmana Swamy Temple,N/A,2025-02-01,2025-03-31
Karthika Thirunal Mahotsavam,Palakkavu Bhagavathy Temple,N/A,2025-02-01,2025-03-31
Kartika Vela,Chalakudy,Varavoor Palakkal Bhagavathi Temple,2025-02-01,2025-03-31
Kerala Literature Festival DC Kizhakemuri Foundation,N/A,N/A,2025-02-01,2025-02-28
Kodiyetta Mahotsavam,Thuluvannur Sree Mahavishnu Temple,N/A,2025-02-01,2025-03-31
Kodiyettu Mahotsavam,Kadirur,Suryanarayana Temple,2025-02-01,2025-03-31
Kondotty Nercha,N/A,N/A,2025-02-01,2025-03-31
Kozhikode International Film Festival,Tagore Centenary Hall,N/A,2025-02-01,2025-02-28
Kshethrotsavom,Punnasseri,Muppatta theru Ganapathy temple,2025-02-01,2025-03-31
Kumbha Aswathi Mahotsavam,Valikkonam Sree Bhadrakali Temple Thonnakkal,N/A,2025-02-01,2025-03-31
Kumbha Bharani,Ezhamkulam Devi Temple,N/A,2025-02-01,2025-03-31
Kumbha Bharani,Puthiyakavu,Bhagawathy Temple,2025-02-01,2025-03-31
Kumbha Bharani Maholsavam,Sree Puthiyakavu Bhagavathi Temple,N/A,2025-02-01,2025-03-31
Kumbha Bharani Mahotsavam,Chenthitta Devi Temple,N/A,2025-02-01,2025-03-31
Kumbha Bharani Mahotsavam,Chettikulangara Devi Temple,N/A,2025-02-01,2025-03-31
Kumbha Bharani Mahotsavam,Karikode Devi Temple,N/A,2025-02-01,2025-03-31
Kumbha Bharani Mahotsavam,Valia Koonambaikulam Sree Bhadrakali Temple,N/A,2025-02-01,2025-03-31
Kumbha Karthika Mahothsavam,Perissery,Pazhayattil Devi Temple,2025-02-01,2025-03-31
Kumbhabharani,Kalloopara Sri Bhagavathy Temple,N/A,2025-02-01,2025-03-31
Kumbhabharani Festival,Kuttykattu Devi Temple,N/A,2025-02-01,2025-03-31
Kumbhabharani Mahotsavam,Thazhoor Bhagavathy Temple,N/A,2025-02-01,2025-03-31
Kumbhapooya Mahotsavam,Bison Valley,Balasubrahmanyaswami Temple,2025-02-01,2025-03-31
Kuttiyamkavu Pooram,Kuttiyamkavu Samkrama Vela,N/A,2025-02-01,2025-02-28
Machattu Mamangam,Machattu Thiruvanikavu Temple,N/A,2025-02-01,2025-03-31
Maha Shivratri,Thodupuzha,Kanjiramattom Siva Temple,2025-02-01,2025-03-31
Mahashivarathri Mahotsavam,Mayyil,Velam Mahaganapathi Temple,2025-02-01,2025-02-28
Mahasivarathri Deshiya Maholsavam,Vembil Manalayam Siva Temple,N/A,2025-02-01,2025-03-31
Mahotsavam,Kanichukulangara Devi Temple,N/A,2025-02-01,2025-03-31
Mahotsavom,Calicut,Maha ganapathy Temple,2025-02-01,2025-03-31
Manapullikavu Vela,N/A,N/A,2025-02-01,2025-03-31
Manjanikkara Perunnal,Mar Ignatius Manjanikkara Dayara,N/A,2025-02-01,2025-02-28
Mar Andrews Commemoration Festival,St. Marys Orthodox Syrian Church,N/A,2025-02-01,2025-02-28
Maramon Convention,N/A,N/A,2025-02-01,2025-02-28
Nalpathu Mani Aradhana,Karimannoor,St. Mary's Forane Church,2025-02-01,2025-02-28
National Folk Festival of Kerala,N/A,N/A,2025-02-01,2025-02-28
National Theatre Festival,N/A,N/A,2025-02-01,2025-03-31
Ooruttu Mahotsavom,Palkulangara Devi Temple,N/A,2025-02-01,2025-03-31
Palode Mela,Palode Janakeeya Committee,N/A,2025-02-01,2025-02-28
Panmana Pooram,N/A,N/A,2025-02-01,2025-03-31
Paramara Utsavam,Kacheripady,Sree Paramara Devi Temple,2025-02-01,2025-03-31
Paripally Gajamela,Kodimoottil Bhagavathy Temple,N/A,2025-02-01,2025-03-31
Parish Feast,Tirur,St Mary's Church,2025-02-01,2025-02-28
Pariyanampetta Pooram,Pariyanampetta Bhagavathy Temple,N/A,2025-02-01,2025-03-31
Pattambi Nercha,N/A,N/A,2025-02-01,2025-03-31
Perumkaliyattam,Payyannur,Sree Kappattu Kazhakam Bhagavathy Temple,2025-02-01,2025-03-31
Perumkaliyattam,Sree Manakulangara Bhagavathy Temple,N/A,2025-02-01,2025-03-31
Perunnal,Pallikkunnu Lourde Matha Shrine,N/A,2025-02-01,2025-02-28
Pongala Mahotsavam,Attukal Bhagavathy Temple,N/A,2025-02-01,2025-03-31
Pongala Mahotsavam,Mallappally,Anikkattilamma Shiva Parvathy Temple,2025-02-01,2025-03-31
Pongala Mahotsavam,Sree Puthiyakavu Devi Temple,N/A,2025-02-01,2025-03-31
Prathishta Dhina mahotsavom,Calicut,Punnassery Vishnu Temple,2025-02-01,2025-03-31
Prathishtadina Mahotsavam,Kunjimangalam,Madathumpadi Sree Bhoothanada Temple,2025-02-01,2025-03-31
Prathishtadina Mahotsavam,Thalayinakavu Sree Shivaparvathy Temple,N/A,2025-02-01,2025-02-28
Prathishtadinam Mahotsavam,Moorikoval Sree Muthappan Madappura Devasthanam,N/A,2025-02-01,2025-03-31
Prathistadinam,Melakkam Sree Kalikavu Bhagavathy Temple,N/A,2025-02-01,2025-03-31
Ratholsavam,Vennimala Sree Rama Lakshmana Swamy Temple,N/A,2025-02-01,2025-03-31
Samyuktha Thirunal,Kunchithanni,Ellakal St. Antony's Church,2025-02-01,2025-02-28
Samyuktha Thirunal,Kunchithany Holy Family Church,N/A,2025-02-01,2025-02-28
Shashti Mahotsavam,Vishwanathapuram Subrahmanya Temple,N/A,2025-02-01,2025-03-31
Shivarathri,Aluva Manappuram,N/A,2025-02-01,2025-03-31
Shivarathri,Ambalavayal Sree Maha Shiva Temple,N/A,2025-02-01,2025-03-31
Shivarathri,Kanhirangad,Sri Vaidyanatha Temple,2025-02-01,2025-03-31
Shivarathri,Mammiyoor Mahadeva Temple,N/A,2025-02-01,2025-03-31
Shivarathri,Mannur,Sree Maha Shiva Kshethram,2025-02-01,2025-03-31
Shivarathri,Mazhuvannur Maha Shiva Temple,N/A,2025-02-01,2025-03-31
Shivarathri,Muvattupuzha,Thiruvamplavil Mahadeva Temple,2025-02-01,2025-02-28
Shivarathri,Pazhoor Perumthrikovil Temple,N/A,2025-02-01,2025-03-31
Shivarathri,Thiruvanchikulam Shiva Temple,N/A,2025-02-01,2025-03-31
Shivarathri,Thrippara Mahadeva Temple,N/A,2025-02-01,2025-03-31
Shivarathri,Vadeshwaram Sree Maha Shiva Temple,N/A,2025-02-01,2025-03-31
Shivarathri,Velloorkunnam Mahadevar Temple,N/A,2025-02-01,2025-03-31
Shivarathri Festival,Sree Ooranadu Siva-Narasimha Moorthy Temple,N/A,2025-02-01,2025-03-31
Shivarathri Maholsavam,Shiva Temple Chelannur,N/A,2025-02-01,2025-03-31
Shivarathri Mahothsavam Sreekandeswara Temple,N/A,N/A,2025-02-01,2025-03-31
Shivarathri Mahotsavam,Adimali,Maheswara Temple,2025-02-01,2025-03-31
Shivarathri Mahotsavam,Edakkad,Oorpazhachi Kavu,2025-02-01,2025-03-31
Shivarathri Mahotsavam,Erattakulangara Mahadeva Temple,N/A,2025-02-01,2025-03-31
Shivarathri Mahotsavam,Kunchithany,Narayanodayam Shiva Temple,2025-02-01,2025-03-31
Shivarathri Mahotsavam,Manjeri,Arukizhaya Mahadeva Temple,2025-02-01,2025-03-31
Shivarathri Mahotsavam,Muthaliyarmadom,Sree Mahadeva Temple,2025-02-01,2025-03-31
Shivarathri Mahotsavam,Padanilam Parabrahma Temple,N/A,2025-02-01,2025-03-31
Shivarathri Mahotsavam,Poovani Shiva Temple,N/A,2025-02-01,2025-03-31
Shivarathri Mahotsavam,Rajakkad,Sree Mahadevar Temple,2025-02-01,2025-03-31
Shivarathri Mahotsavam,Sree Triprangode Maha Siva Temple,N/A,2025-02-01,2025-03-31
Shivarathri Mahotsavam,Taliparamba,Rajarajeshwara Temple,2025-02-01,2025-03-31
Shivarathri Mahotsavam,Vaderi Mahadeva Temple,N/A,2025-02-01,2025-03-31
Shivarathri Mahotsavam,Venjaramoodu,Manikodu Siva Temple,2025-02-01,2025-03-31
Shivarathri mahotsavom,Calicut,Bilathikkulam Shiva Temple,2025-02-01,2025-03-31
Shivarathri Thiruvutsavam,Thukkalassery,Mahadeva Temple,2025-02-01,2025-03-31
St. Joseph's Feast,Mananthavady,St. Joseph's Cathedral,2025-02-01,2025-02-28
St. Martin's Feast,Mananthavady,St. Martin's Church,2025-02-01,2025-02-28
St. Sebastian's Feast,Neyyassery,St. Sebastian's Church,2025-02-01,2025-02-28
Thaipooyam,Panmana,Subrahmanya Swamy Temple,2025-02-01,2025-03-31
Thalapoli Festival,Maradu,Kottaram Devi Temple,2025-02-01,2025-03-31
Thalapoli Mahotsavam,Muzhupilangad,Sree Kurumba Bhagavathi Temple,2025-02-01,2025-03-31
Thalappoli Mahotsavam,Valanjambalam Devi Temple,N/A,2025-02-01,2025-02-28
Thalappoli Mahotsvam,Vypeen,Pallathamkulangara Bhagavathi Temple,2025-02-01,2025-03-31
Thaliyil Utsavam,Nileshwaram,Thaliyil Neelakanteswara Temple,2025-02-01,2025-03-31
Thangal Uppapa Uroos,Muhyaddin Juma Masjid,N/A,2025-02-01,2025-02-28
Theeyyattutsavam,Vairankode Bhagavathy Temple,N/A,2025-02-01,2025-02-28
Theyyam Utsavam,Thekkumbadu,Sree Kurumba Bhagavathy Temple,2025-02-01,2025-02-28
Theyyamkettu Mahothsavam,Sree Thamburatti Bhagavathy Temple,N/A,2025-02-01,2025-02-28
Thira Mahotsavam,Paliyadu,Sree Andaloor Temple,2025-02-01,2025-03-31
Thira Mahotsavom,Pavandoor,Muttil Vadakkeyil Sree Bhuvaneswari Temple,2025-02-01,2025-03-31
Thiru Uthsavam,Thiruvanvandoor,Mahavishnu Temple,2025-02-01,2025-03-31
Thiru Utsavom,Kadamuri,Narasimhaswami Temple,2025-02-01,2025-02-28
Thiru Utsavom,Kudamaloor,Vasudevapuram Sreekrishna Temple,2025-02-01,2025-03-31
Thirunnal Mahotsavam,Palakkal St. Mathews Church,N/A,2025-02-01,2025-02-28
Thiruutsavom,Kumarakom,Sree Kumaramangalam Subramanyaswamy Temple,2025-02-01,2025-03-31
Thiruvappana Mahotsavam,Aroli Mepperi Sree Muthappan Madapura,N/A,2025-02-01,2025-03-31
Thiruvathira Arattu,Thrikkadavoor Sree Mahadeva Temple,N/A,2025-02-01,2025-02-28
Thiruvonotsavam,Anakudi,Thiru Vamanamoorthi Temple,2025-02-01,2025-03-31
Thiruvulsavam,Vandanmedu Mahaganapathi Temple,N/A,2025-02-01,2025-03-31
Thiruvutsavam,Adinadu Sakthikulangara sree Bhagavathi Temple,N/A,2025-02-01,2025-02-28
Thiruvutsavam,Cherthala,Varanad Devi Temple,2025-02-01,2025-03-31
Thiruvutsavam,Erumeli,Dharmasastha Temple,2025-02-01,2025-03-31
Thiruvutsavam,Kidangoor Subrahmanya Swamy Temple Festival,N/A,2025-02-01,2025-03-31
Thiruvutsavam,Mallappally,Thirumalida Mahadeva Temple,2025-02-01,2025-03-31
Thiruvutsavam,Mararikulam Mahadeva Temple,N/A,2025-02-01,2025-02-28
Thiruvutsavam,Odampally Devi Temple,N/A,2025-02-01,2025-03-31
Thiruvutsavam,Pallimukkku Pettah,Puthan Kovil Bhagavathi Temple,2025-02-01,2025-03-31
Thiruvutsavam,Pandavarkavu Devi Temple,N/A,2025-02-01,2025-03-31
Thiruvutsavam,Peringanadu,Thrichennamangalam Mahadevar Temple,2025-02-01,2025-03-31
Thiruvutsavam,Thodupuzha,Annapoorneshwari Navagraha Bhadrakali Temple,2025-02-01,2025-03-31
Thiruvutsavam,Vettur Sree AyiravillanTemple,N/A,2025-02-01,2025-03-31
Thuyyam Pilgrimage,Thuyyam,St. Sebastian Church,2025-02-01,2025-04-30
Tiruvutsavam,Thiruvalla,Sree Vallabha Temple,2025-02-01,2025-02-28
Uchabali,Mannady Devi Temple,N/A,2025-02-01,2025-03-31
Uthralikavu Pooram,Uthralikavu Temple,N/A,2025-02-01,2025-03-31
Uthram Thirunal Mahotsavam,Kattapana,Dharmasastha Temple,2025-02-01,2025-03-31
Utsavam,Punnor,Sree Khuniyadi Kshetram,2025-02-01,2025-03-31
Utsavam,Viruttanam Bhagavathy Temple,N/A,2025-02-01,2025-03-31
Utsavam Thacholi Manikkoth Temple,N/A,N/A,2025-02-01,2025-03-31
Uzhamalakkal Thiruvathira,Nedumangad,Lakshmi Mangalam Devi Temple,2025-02-01,2025-03-31
Valiya Pally Perunnal,Kallada,St. Maryâ€™s Orthodox Syrian Church,2025-02-01,2025-03-31
Valiyapally Perunnal,Kundara,St.Thomas Orthodox Syrian Church,2025-02-01,2025-03-31
Varshika Mahotsavam,Ananthapura Lake Temple,N/A,2025-02-01,2025-03-31
Varshika Mahotsavam,Sree Durga Parameshwari Temple,N/A,2025-02-01,2025-03-31
Vellattu Mahotsavam,N/A,N/A,2025-02-01,2025-03-31
Aarattu Kavadi Mahotsavam,Sree Bala Subrahmanya Swamy Temple,N/A,2025-03-01,2025-04-30
Aarattu Mahotsavam,Malayinkeezhu,Sree Krishnaswamy Kshethram,2025-03-01,2025-04-30
Aarattu Mahotsavam,Sree Janardhana Swamy Temple,N/A,2025-03-01,2025-04-30
Aarattu Utsavam,Ambalappuzha,Sreekrishna Swami Temple,2025-03-01,2025-04-30
Aarattu Utsavam,Kakkad Mahaganapathy,N/A,2025-03-01,2025-04-30
Ammathiruvadi Pooram,Urakam Devi Temple,N/A,2025-03-01,2025-04-30
Annual Festival,Thayatt Ayyappa Temple,N/A,2025-03-01,2025-04-30
Annual Festival,Thrissileri,Mahadeva Temple,2025-03-01,2025-04-30
Annual Festival,Valliyoorkavu Durga Devi Temple,N/A,2025-03-01,2025-04-30
Annual Festival of Ariyannur Harikanyaka Temple,N/A,N/A,2025-03-01,2025-04-30
Arakkal Pooram,Kadappurathu Bhagavathy Temple,N/A,2025-03-01,2025-04-30
Arattu Utsavam,Ameda Temple,N/A,2025-03-01,2025-04-30
Aswathy Festival,Vathukulangara,Devi Temple,2025-03-01,2025-04-30
Attuvela Mahotsavam,Ithithanam Elamkavu Devi Temple,N/A,2025-03-01,2025-03-31
Bekal Maqam Uroos,Bekal Maqam,N/A,2025-03-01,2025-03-31
Brahmotsavam,Seetha Ramaswamy Temple,N/A,2025-03-01,2025-04-30
Car Festival,Nurani Village,N/A,2025-03-01,2025-04-30
Chandanakuda Mahotsavam (Uroos),Beemapalli Dargah Shareef,N/A,2025-03-01,2025-04-30
Chandanakudam Mahotsavam (Uroos),Beemapalli Dargah Shareef,N/A,2025-03-01,2025-04-30
Cherumulayankavu Kala Vela and Ratholsavam,Sree Mulayankavu Bhagavathy Temple,N/A,2025-03-01,2025-05-31
Edakkunni Uthram Vilakku,Edakuni Devi Temple,N/A,2025-03-01,2025-04-30
Ezhumattoor Padayani,Panamattathukavu Temple,N/A,2025-03-01,2025-05-31
Guruthi Mahotsavam,Vadakkan Chowva Bhagavathy Temple,N/A,2025-03-01,2025-04-30
International Regional Film Festival of Kottayam,N/A,N/A,2025-03-01,2025-03-31
Kadoor Gramotsavam,N/A,N/A,2025-03-01,2025-04-30
Kaliyatta Mahotsavam,Cheruthazham,Mundayattu Kavu,2025-03-01,2025-04-30
Kaliyatta Mahotsavam,Nareekkamvalli,Arathil Sree Bhadrapuram Kshetram,2025-03-01,2025-04-30
Kochi Muziris Biennale,N/A,N/A,2025-03-01,2025-12-31
Koda Mahotsavam,Pangode,Kavil Bhagavathy Temple,2025-03-01,2025-04-30
Kodiyetta Mahotsavam,Ramanthali,Sankara Narayana Temple,2025-03-01,2025-04-30
Kodungalloor Bharani,Kodungalloor Bagavathy Temple,N/A,2025-03-01,2025-04-30
Kottakkal Pooram,N/A,N/A,2025-03-01,2025-04-30
Kottankulangara Chamayavilakku,N/A,N/A,2025-03-01,2025-04-30
Kumbha Bharani Mahotsavam,Nattakam,Ponkunnathukavu Bagavathy Temple,2025-03-01,2025-04-30
Kunisserry Kummatti,Pookulangara Bhagawathy Temple,N/A,2025-03-01,2025-04-30
Kuttoor Pooram,Vamanapuram,Dharmasastha Temple,2025-03-01,2025-04-30
Lokanarkavu Utsavam,Sree Lokanarkavu Temple,N/A,2025-03-01,2025-04-30
Mahotsavam,Gosripuram,Venkatachalapathy Temple,2025-03-01,2025-04-30
Mahotsavam,Pilakkave,Valliyoorkavu Bhagavathy Temple,2025-03-01,2025-04-30
Mahotsavam,Sree Chakrapani Temple,N/A,2025-03-01,2025-04-30
Mahotsavam,Talap,Sree Sundareswara Temple,2025-03-01,2025-04-30
Mahotsavam,Trichambram Sree Krishna Temple,N/A,2025-03-01,2025-03-31
Malakkuda Mahotsavam,Poruvazhy Peruviruthy Malanada Temple,N/A,2025-03-01,2025-03-31
Malayatoor Perunal,N/A,N/A,2025-03-01,2025-04-30
Manarkkad Pooram,Udayurkunnu Bhagavathy Temple,N/A,2025-03-01,2025-03-31
Manjeri Pooram,Manjeri,Muthrukunnu Bhagavathy Temple,2025-03-01,2025-04-30
Meena Bharani Utsavam,Vellanad Sree Bhagavathy Temple,N/A,2025-03-01,2025-04-30
Meena Rohini Mahotsavam,Thrippadappuram Temple,N/A,2025-03-01,2025-04-30
Meenabarani Mahotsavom,Vazhappally,Morkulangara Bhagavathi Temple,2025-03-01,2025-04-30
Meenabharani,Orippuram Temple,N/A,2025-03-01,2025-04-30
Meenabharani Mahothsavom,Pazhayaveedu,Devi Temple,2025-03-01,2025-04-30
Meenabharani Mahotsavam,Chirayinkeezhu,Sarkara Devi Temple,2025-03-01,2025-04-30
Meenabharani Mahotsavom,Palkulangara Devi Temple,N/A,2025-03-01,2025-04-30
Meenabharani Mahotsavom,"Sree Bhagavathi Temple, Manarcad",,2025-03-01,2025-04-30
Meenapoora Mahotsavam,Kumaramangalam,Valliyanikkattu Bhagavathy Temple,2025-03-01,2025-04-30
Meenapoora Mahotsavam,Purappuzha,Puthuchirakavu Devi Temple,2025-03-01,2025-04-30
Meenapooram,Cheruvally,Cheruvally Bagavathy Temple,2025-03-01,2025-04-30
National Young Dancers Fest,Vyloppilli Samskriti Bhavan,N/A,2025-03-01,2025-03-31
Nila Dance and Music Festival,Kerala Kalamandalam,N/A,2025-03-01,2025-03-31
Othara Padayani,Puthukulangara Devi Temple,N/A,2025-03-01,2025-04-30
Padayani,Mundankavu,Vadasserikavu Bhagavathy Temple,2025-03-01,2025-04-30
Padayani,Valamchuzhy Bhagavathy Temple,N/A,2025-03-01,2025-04-30
Painguni Utsavam,Sree Padmanabhaswamy Temple,N/A,2025-03-01,2025-04-30
Ponkala Maholsavam,Pazhanchira Devi Temple,N/A,2025-03-01,2025-04-30
Poora Mahotsavam,Ajanur,Kurumba Bhagavathi Temple,2025-03-01,2025-04-30
Poora Mahotsavam,Payyannur,Sree Kappattu Kazhakam Bhagavathy Temple,2025-03-01,2025-04-30
Pooram,Madayikavu Thiruvakadu Bhagavathi Temple,N/A,2025-03-01,2025-04-30
Pooram Festival,Edappavur Bhagavathi Temple,N/A,2025-03-01,2025-03-31
Pooram Mahotsavam,Kalarivathukkal Bhagavathy Temple,N/A,2025-03-01,2025-04-30
Pooramahotsavam,Aravukad Sreedevi Temple,N/A,2025-03-01,2025-04-30
Pooramahotsavam,Chala Bhagavathy Temple,N/A,2025-03-01,2025-04-30
Poorotsavam,Kandoth,Koorba Bhagavathy Temple,2025-03-01,2025-04-30
Poorotsavam,Kunhimangalam,Malliyottu Palottu Kavu Temple,2025-03-01,2025-04-30
Poorotsavam,Valapattanam,Sree Kalarivathukkal Bhagavathy Temple,2025-03-01,2025-04-30
Pournami Ponkala,Pavakula Sree Mahadeva Temple,N/A,2025-03-01,2025-04-30
Prathishtadina Mahothsavam Ponvili Gurudeva Temple,N/A,N/A,2025-03-01,2025-04-30
Prathishtadina Mahotsavam,Pilathara,Puthur Sree Mahavishnu Temple,2025-03-01,2025-04-30
Puthur Music and Dance Festival,Puthur,Thirupuraikal Bhagavathy Temple,2025-03-01,2025-04-30
Puthur Vela,Thripuraikkal Bhagavathy Temple,N/A,2025-03-01,2025-04-30
Ramnavami,Sri Shridhi Sai Trust Thiruvilwamala,N/A,2025-03-01,2025-04-30
Sangrama Vanibham,Pakkil Sree Dharma Sastha Temple,N/A,2025-03-01,2025-04-30
Shivarathri,Thrikkariyoor Mahadeva Temple,N/A,2025-03-01,2025-04-30
Sreerama Navami,Ramallur,Sreeramaswami Temple,2025-03-01,2025-04-30
Swathi Thirunal Music and Dance Festival,Koodalmanickyam Temple,N/A,2025-03-01,2025-04-30
Theyyamkettu Mahotsavam,Kadavathu Veedu Tharavadu,N/A,2025-03-01,2025-03-31
Theyyamkettu Mahotsavam,Koravil Sree Vayanattu Kulavan Devasthanam,N/A,2025-03-01,2025-03-31
Thindumal Maqam Uroos,N/A,N/A,2025-03-01,2025-03-31
Thira Thalapoli,Thazhathumkavu Sree Bhagavathy Temple,N/A,2025-03-01,2025-04-30
Thira Thalapoli Maholsavam,kallingal Bhagavathy Temple,N/A,2025-03-01,2025-04-30
Thira Uthsavam Aredathkandi Temple,Thiruthiyad,N/A,2025-03-01,2025-04-30
Thirathalapoli Mahothsavam,Kiliparambu Devi Temple,N/A,2025-03-01,2025-04-30
Thiru Aarattu Mahotsavam,Puthiyakavu Devi Temple,N/A,2025-03-01,2025-04-30
Thiru Arattu Mahotsavam,Kulathoormoozhi,Kulathoor Maha Devi Temple,2025-03-01,2025-04-30
Thiru Kodiyettu Mahotsavam,Anandavalleeswaram Mahadeva Temple,N/A,2025-03-01,2025-04-30
Thiru Uthsavam,Karuvatta,Thiruvilanjal Devi Temple,2025-03-01,2025-04-30
Thiru Uthsavam,Mundankavu,Thrichittattu Mahavishnu Temple,2025-03-01,2025-04-30
Thiru Utsavam,Pakkil Sree Dharma Sastha Temple,N/A,2025-03-01,2025-04-30
Thiru Utsavam-Porkkalidevi Mahadevatemple Pallana,N/A,N/A,2025-03-01,2025-03-31
Thirumandhamkunnu Pooram,Angadipuram,N/A,2025-03-01,2025-04-30
Thirumudi Ezhunellathu,Kadakkal Devi Temple,N/A,2025-03-01,2025-03-31
Thirunakkara Arattu,Thirunakkara Mahadeva Temple,N/A,2025-03-01,2025-04-30
Thiruutsavom,Vazhappaly,Vazhappaly Sree Mahadeva Temple,2025-03-01,2025-04-30
Thiruvathira Arattu Mahotsavam,Kalanjoor Mahadeva Temple,N/A,2025-03-01,2025-04-30
Thiruvona Mahotsavam,Thirumullavaram Sree Mahavishnu Swami Temple,N/A,2025-03-01,2025-04-30
Thiruvonam Arattu,Thodupuzha,Sreekrishna Temple,2025-03-01,2025-04-30
Thiruvuthsavam,Neelamperoor,Palli Bhagavathy Temple,2025-03-01,2025-04-30
Thiruvutsavam,Koduman,Sree Vaikundapuram Temple,2025-03-01,2025-04-30
Thiruvutsavam,Mavelikkara Sree Krishna Temple,N/A,2025-03-01,2025-04-30
Thiruvutsavam,Neendor,Moozhikulangara Bhagavathy Temple,2025-03-01,2025-04-30
Thiruvutsavam,Neyyattinkara,Sree Krishna Swami Temple,2025-03-01,2025-04-30
Thiruvutsavam,Perumbavoor Dharma Sastha Temple,N/A,2025-03-01,2025-04-30
Thirvutsavam,Kadappattoor Mahadeva Temple,N/A,2025-03-01,2025-04-30
Thookka Mahotsavam,Kattunada Sree Bhadrakali Temple,N/A,2025-03-01,2025-04-30
Thrikkodiyeri Deshiya Maholsavam,Pacha Nedumparambu Sree Darma Sastha Temple,N/A,2025-03-01,2025-04-30
Ulsava Mahamaham,Pirappancode Sree Krishna Swamy temple,N/A,2025-03-01,2025-04-30
Uroos,Thavinjal,Nasarathul Islam Jama'ath,2025-03-01,2025-03-31
Uroos,Vellamunda,Kattichirakkal Maqam,2025-03-01,2025-03-31
Utsavaghosham,Tali Shiva Temple,N/A,2025-03-01,2025-04-30
Valliyoorkavu Aarattu Festival,Valliyoorkavu Temple,N/A,2025-03-01,2025-04-30
Varaha Jayanthi,Panniyoor Sri Varaha Moorthy Temple,N/A,2025-03-01,2025-04-30
Varambetta Nercha,Varambetta Mosque,N/A,2025-03-01,2025-03-31
Varshika Mahotsavam,Adoor Sree Mahalingeshwara Temple,N/A,2025-03-01,2025-03-31
Varshika Mahotsavam,Mallikarjuna Temple,N/A,2025-03-01,2025-04-30
Aarattu Mahotsavam,Pozhiyoor Mahadeva Temple,N/A,2025-04-01,2025-05-31
Adi Utsavam,Sree Mavilakkavu Temple,N/A,2025-04-01,2025-05-31
Annual Feast,Guruvayoor,St. Antony's Church,2025-04-01,2025-04-30
Annual Feast,Kottayam,Good Shepherd Church,2025-04-01,2025-04-30
Annual Feast Arthat,Holy Cross Church,N/A,2025-04-01,2025-04-30
Annual Festival,Kaduthuruthy,Thaliyil Mahadeva Temple,2025-04-01,2025-05-31
Annual Festival,Kuniyilkavu Sree Kiratha Shiva Parvathy Temple,N/A,2025-04-01,2025-05-31
Annual Festival,Thirunavaya Navamukunda Temple,N/A,2025-04-01,2025-04-30
Annual Festival Ullattil Bhuvaneswari Temple,N/A,N/A,2025-04-01,2025-05-31
Appavanibham Nercha,Idiyangara Sheikh Masjid,N/A,2025-04-01,2025-04-30
Arattupuzha Pooram,Arattupuzha Sree Sastha Temple,N/A,2025-04-01,2025-05-31
Aruvithura Perunnal,Aruvithura,St.George Forane Church,2025-04-01,2025-04-30
Ayyanthole Pooram,Karthyayani Temple,N/A,2025-04-01,2025-05-31
Brahmotsavam Thiruvenkitachalapathy Temple,N/A,N/A,2025-04-01,2025-05-31
Chaithrotsavam,Kayamkulam,Sree Vithoba Temple,2025-04-01,2025-05-31
Chamundi Pothi,Kandoth,Sree Koorba Bhagavathy Temple,2025-04-01,2025-05-31
Chariot Festival,Azheekal Varaha Swamy Temple,N/A,2025-04-01,2025-05-31
Chithira Festival,Haripad,Sree Subrahmanya Temple,2025-04-01,2025-05-31
Chitra Pournami,Mangaladevi Temple,N/A,2025-04-01,2025-05-31
Dasavatharacharthu,Sreenarayanapuram Temple,N/A,2025-04-01,2025-05-31
Edappally Perunnal,N/A,N/A,2025-04-01,2025-05-31
Edathua Palli Perunnal,Edathua,St George Forane Church,2025-04-01,2025-05-31
Edathua Palli Perunnal,Edathua,St. George Forane Church,2025-04-01,2025-05-31
Feast of Geevarghese,Adimali,St George Jacobite Cathedral,2025-04-01,2025-04-30
Feast of Geevarghese Sahada and St. Sebastianos,Muttukad St. George Church,N/A,2025-04-01,2025-04-30
Feast of Muthalakodath Muthappan,St.George Forane Church,N/A,2025-04-01,2025-04-30
Feast of St. George,Pinkulam,St. George Malankara Church,2025-04-01,2025-04-30
Festival of St.George,Kadavoor,St.Casimirs Church,2025-04-01,2025-04-30
Ganesha music and dance festivals,Thali temple,N/A,2025-04-01,2025-05-31
Gurusmarana-Koodiyatta Mahotsavam,Moozhikulam,Nepathya Centre,2025-04-01,2025-05-31
Kadammanitta Padayani,Kadamanitta Devi Temple,N/A,2025-04-01,2025-05-31
Kaliyatta Mahotsavam,Alappadamba,Vettakkorumakan Temple,2025-04-01,2025-05-31
Kaliyatta Mahotsavam,Mangad,Erinhikeel Sree Bhagavathy Temple,2025-04-01,2025-05-31
Kaliyatta Mahotsavam,Sree Thalikkavu Bhagavathy Temple,N/A,2025-04-01,2025-04-30
Kaliyattam Festival,Karimanal Chamundi Temple,N/A,2025-04-01,2025-04-30
Karamukku Pooram,Pookkattikara Karamukku Temple,N/A,2025-04-01,2025-05-31
Karthika Mahotsavam,Kadappathala Devi Temple,N/A,2025-04-01,2025-05-31
Kavadi Mahotsavam,Adithyapuram,Suryadeva Temple,2025-04-01,2025-12-31
Kavassery Pooramahotsavam,Parakkat Devi Temple,N/A,2025-04-01,2025-04-30
Kodiyettutsavam,Mankombu Devi Temple,N/A,2025-04-01,2025-05-31
Koduthi Mahotsavam,Chirayinkeezhu,Aakkot Ilangam Durga Devi Temple,2025-04-01,2025-05-31
Kollam Pooram,Asramam Sree Krishna Swamy Temple,N/A,2025-04-01,2025-04-30
Laloor Pooram,Puliparambil Bhagavathy Temple,N/A,2025-04-01,2025-05-31
Madhur Bedi,Sree Madanantheswara Sidhivinayaka Temple,N/A,2025-04-01,2025-04-30
Mahotsavam,Azhakodi Devi Mahakshethram,N/A,2025-04-01,2025-05-31
Mahotsavam,Azhikkal,Shri Mallikarjuna Temple,2025-04-01,2025-05-31
Mahotsavam,Kalliassery,Sree Manakulangara Bhagavathy Temple,2025-04-01,2025-05-31
Malabar International Kite Festival,Bekal Beach,N/A,2025-04-01,2025-05-31
Malabar International Kite Festival,N/A,N/A,2025-04-01,2025-05-31
Mangottukavu Vela,Athipetta Mangottukavu Devi Temple,N/A,2025-04-01,2025-05-31
Mariyamman Utsavam,Kanchikamakshiyamman Mariyamman Temple,N/A,2025-04-01,2025-05-31
Mayannur Pooram,Kurumba Bhagavathy Temple,N/A,2025-04-01,2025-05-31
Meda Uthram Mahotsavam,Sasthavattom,Dharmasastha Temple,2025-04-01,2025-05-31
Meenabharani Mahotsavam,Palluruthy,Azhakiyakavu,2025-04-01,2025-05-31
Meenam Utsavam,Kollam,Pisharikkavu Devi Temple,2025-04-01,2025-05-31
Meenapoora Mahotsavam,Kolani,Amaramkavu Devi Temple,2025-04-01,2025-04-30
Mudiyettu Mamangam,Neendor,Moozhikulangara Bhagavathy Temple,2025-04-01,2025-05-31
National Children's Theatre Festival of Kerala,Mammen Mappilai,N/A,2025-04-01,2025-04-30
Nenmara Vallangi Vela,N/A,N/A,2025-04-01,2025-04-30
Omanur Nercha,Omanur Mosque,N/A,2025-04-01,2025-04-30
Ondayangadi Makham Uroos,N/A,N/A,2025-04-01,2025-04-30
Orma Perunnal,Pampady,Mar Kuriakose Dayara,2025-04-01,2025-04-30
Parakkottukavu Thalapoli,Parakkottu Kavu,N/A,2025-04-01,2025-05-31
Pathamudaya Mahothsavam. Pathiyamkulangara Devi Temple,Vadackal,N/A,2025-04-01,2025-05-31
Pathamudaya Mahotsavam,Mulamkadakam Devi Temple,N/A,2025-04-01,2025-04-30
Pathamudaya Mahotsavom,Manarcad,Manarcad Sree Bhagavathi Temple,2025-04-01,2025-04-30
Pavaratty Perunnal,St.Joseph's Church,N/A,2025-04-01,2025-04-30
Perunnal Mahamaham,Thokkupara,St. George Jacobite Church,2025-04-01,2025-04-30
Peruvanam Pooram,Peruvanam Temple,N/A,2025-04-01,2025-04-30
Pongala Mahotsavam,Sree Udiyanoor Devi Temple,N/A,2025-04-01,2025-05-31
Pooram,Thrissur,Choorakkottukavu Sree Durga Temple,2025-04-01,2025-05-31
Pooram Kuttur Naithalakkavu Temple,N/A,N/A,2025-04-01,2025-05-31
Prathishta Mahotsavam,Nambiathrakovval Sree Siva Temple,N/A,2025-04-01,2025-05-31
Prathishtadina Mahothsavam,Pisharikavu Bhagavathy Temple,N/A,2025-04-01,2025-05-31
Prathishtadina Mahotsavam,Kandangali Karali Sree Bhadrakali Temple,N/A,2025-04-01,2025-05-31
Prathishtadina Mahotsavam,Thalikkavu,Pillayar Kovil,2025-04-01,2025-05-31
Prathishtadinam,Ambalakkulangara Devi Temple,N/A,2025-04-01,2025-05-31
Prathishtadinam,Annara Sree Narasimha Temple,N/A,2025-04-01,2025-05-31
Puthu Njarazhcha Perunnal,Kottayam,St.Thomas Orthodox Church,2025-04-01,2025-05-31
Puthunjayar Perunnal,Angamaly,St George Basilica,2025-04-01,2025-04-30
Puthupally Perunnal,St George Orthodox Syrian Church,N/A,2025-04-01,2025-05-31
Rasavikalpam Dance Festival,Chavara Cultural Centre,N/A,2025-04-01,2025-05-31
Rememberance of Geevarghese Mar Ivanious,Mar Baselious Dayara,N/A,2025-04-01,2025-04-30
Rohini Mahotsavam,Punnakulam Sreekrishna Swamy Temple,N/A,2025-04-01,2025-05-31
Sarada Sarannavarathri,Kalady,Sringeri Madam,2025-04-01,2025-05-31
Sreemad Devi Bhagavatha Navaha Yagyam,Thalappalam,Encholikkavu Devi Temple,2025-04-01,2025-05-31
St. George & St. Sebastian's Thirunal,Rajakkad,Christuraja Forane Church,2025-04-01,2025-04-30
St. George's Feast,Thrissilery,St. George Church,2025-04-01,2025-04-30
St. Thomas Feast,Mananthavady,St. Thomas Church,2025-04-01,2025-04-30
The Feast Of God's Mercy,Thodupuzha,Divine Mercy Shrine of Holy Mary,2025-04-01,2025-04-30
The Feast of St.George,St.George Knanaya Valyapally Neelamperoor,N/A,2025-04-01,2025-05-31
Thekkady Flower Show,Kallarackal Ground,N/A,2025-04-01,2025-04-30
Thiru Mahotsavam,Kayamkulam,Major Sreekrishnaswamy Temple,2025-04-01,2025-05-31
Thiru Utsavam,Nattakam,Ponkunnathukavu Bagavathy Temple,2025-04-01,2025-04-30
Thiru Utsavam,Neendoor,Sree Subramanya Swami Temple,2025-04-01,2025-04-30
Thiru Utsavam,Thaliyil Sree Mahadeva Temple,N/A,2025-04-01,2025-05-31
Thiru Utsavam,Vakathanam,Manikandapuram Sree Krishna Swamy Temple,2025-04-01,2025-05-31
Thiruvuthsavam,Kottayam,Thirumala Sree Venkiteswara Swami Temple,2025-04-01,2025-05-31
Thiruvutsavam,Andoor,Aishwarya Gandharva Temple,2025-04-01,2025-04-30
Thiruvutsavam,Chirakkadavu,Manakkattu Sree Bhadra Temple,2025-04-01,2025-04-30
Thiruvutsavam,Ithithanam Elamkavu Devi Temple,N/A,2025-04-01,2025-05-31
Thiruvutsavam,Koodalmanikyam Temple,N/A,2025-04-01,2025-05-31
Thiruvutsavam,Malliyoor Sree Maha Ganapathy Temple,N/A,2025-04-01,2025-04-30
Thiruvutsavam,Maruthorvattom Dhanwanthari Temple,N/A,2025-04-01,2025-05-31
Thiruvutsavam,North Paravur,Thirumoozhikkulam Lakshmana Temple,2025-04-01,2025-05-31
Thiruvutsavam,Omallur,Rakthakandaswami Temple,2025-04-01,2025-05-31
Thiruvutsavam,Pathiyoor,Major Sree Durga Temple,2025-04-01,2025-05-31
Thiruvutsavam,Perandoor Bhagavathi Temple,N/A,2025-04-01,2025-04-30
Thiruvutsavam,Rajakkad,Sree Mahadevar Temple,2025-04-01,2025-05-31
Thirvutsavam,Thiruvarppu Sreekrishna Temple,N/A,2025-04-01,2025-04-30
Thootha Pooram,Sree Thootha Bhagavathy Temple,N/A,2025-04-01,2025-04-30
Thrissur Pooram,N/A,N/A,2025-04-01,2025-05-31
Tiru Utsavam,Kurichy,Shankarapuram Mahadeva Temple,2025-04-01,2025-04-30
Uthra Sreebali,Sree Vallaba Temple,N/A,2025-04-01,2025-04-30
Utsavam,Chittur,Sree Krishna Temple,2025-04-01,2025-05-31
Utsavam,Kallekulangara,Mariamman Temple,2025-04-01,2025-05-31
Utsavam,Thirumanikkara Sree Guruvayurappan Temple,N/A,2025-04-01,2025-05-31
Vaisakha Pournami Utsavam,Kadirur,Vittoba Temple,2025-04-01,2025-05-31
Valia Aarattu,Moothanthara,Karnaki Amman Temple,2025-04-01,2025-05-31
Varshikotsavam,Maniyassery,Vaishnava Gandharva Swamy Temple,2025-04-01,2025-04-30
Vasantholsavam,Govindarajapuram Varadaraja Perumal Temple,N/A,2025-04-01,2025-05-31
Vasantholsavam,Kumarapuram Venkatachalapthy Temple,N/A,2025-04-01,2025-05-31
Vishu Festival,Sree Subramanya Swamy Temple,N/A,2025-04-01,2025-04-30
Vishu Mahotsavam,Thiruvangad Sree Ramaswamy Temple,N/A,2025-04-01,2025-04-30
Vishu Utsavam,Thirunelli Temple,N/A,2025-04-01,2025-04-30
Vishu Vilakku,Annapoorneshwari Temple,N/A,2025-04-01,2025-04-30
Vishuvilakku Mahotsavam,Kolani,Sree Krishna Swami Temple,2025-04-01,2025-04-30
Vishuvilakku Mahotsavam,Kunhimangalam,Malliyottu Palottu Kavu Temple,2025-04-01,2025-04-30
Vishuvilakku Mahotsavam,Muttam,Sree Krishna Swami Temple,2025-04-01,2025-05-31
Calicut Mango Festival,N/A,N/A,2025-05-01,2025-05-31
Chakka Mahotsavam,Thrikkaipetta,Uravu,2025-05-01,2025-06-30
Cherthala Pooram,Karthyayani Devi Temple,N/A,2025-05-01,2025-06-30
Commemoration Feast Of St George,N/A,N/A,2025-05-01,2025-05-31
Corpus Christi Feast,Thaikudam,St. Raphel's Church,2025-05-01,2025-06-30
Devadasyam,Saalabhanjika Studio for Arts and Performances,Salabhanjika,2025-05-01,2025-05-31
Feast Of St. Angel Michael,Thodupuzha,St. Sebastian's Forane Church,2025-05-01,2025-05-31
Feast of St.John,Chingavanam,St.John's Puthanpally,2025-05-01,2025-05-31
Kalasha Maholsavam,Madiyan Koolom Temple,N/A,2025-05-01,2025-05-31
Kannambra Vela,Sree Kurumba Temple,N/A,2025-05-01,2025-05-31
Kerala Puppetry Festival,Kerala Sangeetha Nataka Akademi,N/A,2025-05-01,2025-05-31
Kozhikaliyatta Mahotsavam,Moonniyur,Kaliyatta Kavu,2025-05-01,2025-06-30
Kunisserry Valiarattu,Pookulangara Bhagawathy Temple,N/A,2025-05-01,2025-06-30
Maha Utsavam and Aarattu,Payyallur,Thiru Kachamkurissi Maha Vishnu Temple,2025-05-01,2025-06-30
Sahasrakalasam,Kaviyur Mahadeva Temple,N/A,2025-05-01,2025-06-30
Sopanam Vadyolsavam,Edappal,N/A,2025-05-01,2025-05-31
St. George Feast,Paliakara Church,N/A,2025-05-01,2025-05-31
Thalapoli Mahotsavam,Melakkam Kalikavu Bhagavathy Temple,N/A,2025-05-01,2025-06-30
Thiruvanvandoor Gajamela,Thiruvanvandoor,Mahavishnu Temple,2025-05-01,2025-05-31
Thiruvathira Mahotsavam,Podiyattupara Mahadeva Temple,N/A,2025-05-01,2025-06-30
Thiruvulsavam,Peruvanthanam Valliyankavu Devi Temple,N/A,2025-05-01,2025-05-31
Thiruvutsavam,Paravur,Peruvaram Sree Mahadeva Temple,2025-05-01,2025-06-30
Uroos Mahamaham,Poozhanad Juma Masjid,N/A,2025-05-01,2025-06-30
Vaishaka Mahotsavam,Kottiyoor Mahadeva Temple,N/A,2025-05-01,2025-06-30
Vasanthotsavam,Seetha Ramaswamy Temple,N/A,2025-05-01,2025-05-31
Aandu Nercha,Puzhavath,Pazhayapally Muslim Jumath,2025-06-01,2025-06-30
Ananthapuri Chakka Mahotsavam,Kanakakunnu,Suryakanthi Grounds,2025-06-01,2025-07-31
Annual Feast Of Our Lady Of Purification,N/A,N/A,2025-06-01,2025-06-30
Annual Feast Of St.Thomas,Our Lady Of Purification Church,N/A,2025-06-01,2025-07-31
Annual Rain Walk,Lakkidi,N/A,2025-06-01,2025-07-31
Champakulam Moolam Vallamkali,River Pamba Chambakkulam,N/A,2025-06-01,2025-07-31
Feast of Sacred Heart Church,Olathanni,Sacred Heart Church,2025-06-01,2025-06-30
Feast of St. Antony,Karimannoor,St. Antony's Town Chapel,2025-06-01,2025-06-30
Feast of St. Peter,Parassala,St. Peter's Forane Church,2025-06-01,2025-07-31
Gurusmarana-Koodiyatta Mahotsavam,Ammannur Chakyar Madom,N/A,2025-06-01,2025-07-31
International Documentary & Short Film Festival of Kerala,N/A,N/A,2025-06-01,2025-06-30
International Documentary and Short Film Festival of Kerala,N/A,N/A,2025-06-01,2025-06-30
Kathakali Festival - Thodayam Kathakali Yogam,N/A,N/A,2025-06-01,2025-07-31
Monsoon Dance Music Theatre Fest,N/A,N/A,2025-06-01,2025-07-31
Oachira Kali,N/A,N/A,2025-06-01,2025-07-31
Prathishta Varshika Thiruvutsavam,Vazhayila,Bhadrakali Temple,2025-06-01,2025-07-31
Pullara Nercha,Pullara Juma Masjid,N/A,2025-06-01,2025-07-31
Siva Purana Sameeksha,Pavakula Sree Mahadeva Temple,N/A,2025-06-01,2025-06-30
St. Antony'Church Feast,Kochuthura,N/A,2025-06-01,2025-06-30
St.Antony's Thirunal,Thuyyam,St.Sebastian's Church,2025-06-01,2025-06-30
St.Sebastian's Thirunal Mahotsavam,Thuyyam,N/A,2025-06-01,2025-06-30
Thureeyam Music Festival,N/A,N/A,2025-06-01,2025-07-31
VIBGYOR International Short and Documentry film Festival,N/A,N/A,2025-06-01,2025-08-31
Bali Tharpanam,Thirunelli Temple,N/A,2025-07-01,2025-08-31
Edavetty Oushadha Seva,Edavetty,Sree Krishna Swami Temple,2025-07-01,2025-08-31
Feast of Our Lady of Carmal,Mullackal,Mar Sleeva Forane Church,2025-07-01,2025-07-31
Feast of Our Lady of Snow,Pallipuram,Manjumatha Basilica,2025-07-01,2025-08-31
Feast of St Alphonsa,St Marys Cathedral Changanassery,N/A,2025-07-01,2025-07-31
Feast of St. Alphonsa,Pinkulam,St. George Malankara Church,2025-07-01,2025-07-31
Feast of St. Jacob's Forane Church,Pulluvila,N/A,2025-07-01,2025-07-31
Feast of St.Alphonsa,St. Alphonsa shrine,N/A,2025-07-01,2025-07-31
Feast Of St.Alphonsa,St. Alphonsa Shrine Church And Pilgrim Centre,N/A,2025-07-01,2025-07-31
Feast of St.Alphonsa,Thavinjal,Our Lady of Mount Carmel Church,2025-07-01,2025-07-31
Karkidaka Vavu,Thirunavaya Navamukunda Temple,N/A,2025-07-01,2025-08-31
Karkidakavavu Balitharpanam,Sree Parasurama Temple,N/A,2025-07-01,2025-08-31
Malabar River Festival,N/A,N/A,2025-07-01,2025-07-31
Manaveeyam Queer Fest,Manaveeyam Veedhi,N/A,2025-07-01,2025-08-31
Njangattiri Anayoottu,Njangattiri Bhagavathi Temple,N/A,2025-07-01,2025-08-31
Samyuktha Thirunal,Uppukunnu,Uppukunnu Church,2025-07-01,2025-07-31
Splash,N/A,N/A,2025-07-01,2025-07-31
St. Alphonsa Thirunal,Vannapuram,Mar Sleeva Town Church,2025-07-01,2025-07-31
St. Alphonsa's Feast,St Thomas Forane Church,N/A,2025-07-01,2025-07-31
Thannikudam Aarattu,Sree Bhagavathy Temple,N/A,2025-07-01,2025-08-31
Thirunal,Alphonsa Nagar,Alphonsa Church,2025-07-01,2025-07-31
Thriprayar Pooram,Thriprayar temple,N/A,2025-07-01,2025-08-31
Annual Festival,Vlathankara,Our Lady of Assumption Forane Church,2025-08-01,2025-08-31
Aranmula Boat Race,N/A,N/A,2025-08-01,2025-09-30
Ashtami Rohini Mahotsavam,Poonithura Kottaram,Sree Krishna Temple,2025-08-01,2025-09-30
Ashtami Rohini Mahotsavom,Thalapalam,Sreekrishnapuram Temple,2025-08-01,2025-09-30
Avani Festival,Haripad,Sree Subrahmanya Temple,2025-08-01,2025-09-30
Biyyam Kayal Boat Race,Ponnani,N/A,2025-08-01,2025-09-30
Chembai Vaidyanatha Bhagavathar Music Festival,Sreevaraham,N/A,2025-08-01,2025-09-30
Dashavatharam Charthal,Anakudi,Thiru Vamanamoorthi Temple,2025-08-01,2025-09-30
Ettu Nombu,St Marys Cathedral Changanassery,N/A,2025-08-01,2025-09-30
Ettu Nombu Perunnal,Kurichy,Mor Ignatius Knanaya Church,2025-08-01,2025-08-31
Ettu Nombu Perunnal,Nediyasala,St. Mary's Church,2025-08-01,2025-09-30
Ettu Nombu Thirunnal,Parel,St. Mary's Church,2025-08-01,2025-09-30
Feast of Bartholomew Apostle,Poovar,St. Bartholomew Church,2025-08-01,2025-08-31
Feast Of St.Augustin,Thuruthy,Marth Mariam Forane Church,2025-08-01,2025-08-31
Ganesh Chaturthi,Sree Madanantheswara Sidhivinayaka Temple,N/A,2025-08-01,2025-09-30
Janana Perunnal,Puliyor,St Marys and St George Orthodox Suriyani Church,2025-08-01,2025-08-31
Kandassankadavu Jalotsavam,N/A,N/A,2025-08-01,2025-09-30
Karuvatta Boat Race,N/A,N/A,2025-08-01,2025-09-30
Kavanattinkara Boat Race,Kavanar River,N/A,2025-08-01,2025-09-30
Mahatma Ayyankali Jalotsavam,Vellayani Lake,N/A,2025-08-01,2025-09-30
Mahatma Gandhi Boat Race,Mannar,N/A,2025-08-01,2025-09-30
Malabar Jalothsavam,Mangalasseri River,N/A,2025-08-01,2025-09-30
Moosari Utsavam,Thrippunithura,Sree Poornathrayeesa Temple,2025-08-01,2025-09-30
Nehru Trophy Boat Race,Punnamada Lake,N/A,2025-08-01,2025-08-31
Neyyar Mela,Neyyattinkara Municipal Stadium,N/A,2025-08-01,2025-09-30
Onam,Thrikkakara Vamanamoorthy Temple,N/A,2025-08-01,2025-09-30
Pampa Jalotsavam,N/A,N/A,2025-08-01,2025-09-30
Pathinanchu Nombu,St Marys Cathedral Changanassery,N/A,2025-08-01,2025-08-31
Pathinanchu Nombu,St. Alphonsa Shrine Church And Pilgrim Centre,N/A,2025-08-01,2025-08-31
Payippad Vallamkali,Payippad lake,N/A,2025-08-01,2025-09-30
Poorna Kumbhamela,Pothencode,Santhigiri Ashram,2025-08-01,2025-09-30
Pulikali,Thrissur,N/A,2025-08-01,2025-09-30
Sarvajanika Ganeshotsavam,Kasargod Town,N/A,2025-08-01,2025-09-30
Sree Narayana Jayanthi Boat Race,Kumarakom,Kottathode,2025-08-01,2025-09-30
Sreekrishna Jayanthi,Kunnathurmedu Sreekrishna Temple,N/A,2025-08-01,2025-08-31
Thripunithura Athachamayam,Sree Poornathrayeesa Temple,N/A,2025-08-01,2025-09-30
Tourism Week Celebrations,Onam Festivities By Kerala Tourism,N/A,2025-08-01,2025-09-30
Vangi Perunnal,Puthupally,St George Orthodox Chruch,2025-08-01,2025-08-31
Vangippu Perunnal,Kalloopara,St. Mary's Orthodox Church,2025-08-01,2025-08-31
Velankanni Matha Perunnal,Thuyyam,St. Sebastian Church,2025-08-01,2025-09-30
Vinayaka Chathurthi,Malliyoor Sree Maha Ganapathy Temple,N/A,2025-08-01,2025-09-30
Vinayaka Chathurthi,Pazhavangaady Sree Mahaganapathy Temple,N/A,2025-08-01,2025-09-30
Vinayaka Chathurthi,Thali Mahaganapathy Temple,N/A,2025-08-01,2025-09-30
Vinayaka Chathurthi,Thalikkavu,Pillayar Kovil,2025-08-01,2025-09-30
Vinayaka Chathurthi Maholsavam,Punnakkamughal,Sree Maha Ganapathi Temple,2025-08-01,2025-09-30
Vinayaka Chaturthi,Easwaramangalam Shri Maha Siva Ganapathy Temple,N/A,2025-08-01,2025-09-30
Vinayaka Chaturthi,Mallikarjuna Temple,N/A,2025-08-01,2025-09-30
Annual Festival,St Mary's Cathedral Arthat,N/A,2025-09-01,2025-09-30
Annual Kathakali Festival,Thodayam Kathakali Yogam,N/A,2025-09-01,2025-10-31
Ayilya Mahotsavam,Naga Temple Poojappura,N/A,2025-09-01,2025-10-31
Ayilya Mahotsavam,Vetticode,Nagarajaswamy Temple,2025-09-01,2025-10-31
Ayilyam Makam Mahotsavam,Vengalloor,Puthukkulam Sree Nagaraja Swami Temple,2025-09-01,2025-10-31
Chaliyar River Challenge and Music Festival,Nilambur,Chaliyar River,2025-09-01,2025-09-30
Eswaraseva,Karikkad Sree Subramanya Temple,N/A,2025-09-01,2025-10-31
Ettu Nombu Feast,St. Alphonsa Shrine Church And Pilgrim Centre,N/A,2025-09-01,2025-09-30
Ettu Nombu Perunnal,Kurichy,St.Mary's Jacobite Syrian Church,2025-09-01,2025-09-30
Ettu Nombu Perunnal,Rajakkad,St. Mary's Jacobite Suriyani Church,2025-09-01,2025-09-30
Ettu Nombu Perunnal,Rajakumari Daivamatha Church,N/A,2025-09-01,2025-09-30
Ettu Noyumbu Perunnal,Kuravilangad,Marth Mariam Forane Church,2025-09-01,2025-09-30
Ettunombo Fathima Matha Church,Easthill,N/A,2025-09-01,2025-09-30
Ettunombu Perunnal,Niranam Church,N/A,2025-09-01,2025-09-30
Feast of Heavenly Patron,Thaikudam,St. Raphel's Church,2025-09-01,2025-10-31
Feast of Holy Cross Shrine Church Mapranam,N/A,N/A,2025-09-01,2025-09-30
Feast of Holy Mother,St Thomas Forane Church,N/A,2025-09-01,2025-09-30
Feast of Mar Sleeva,Pazhavangadi,Mar Sleeva Forane Church,2025-09-01,2025-09-30
Feast of Nativity of Our Lady,St Marys Chalakudi,N/A,2025-09-01,2025-09-30
Feast of Our Lady of Good Health,St. Antony'Church,N/A,2025-09-01,2025-09-30
Feast of Our Lady of Virgin,Mullackal,Mar Sleeva Forane Church,2025-09-01,2025-09-30
Feast of St. George,Koompanpara,St. George Jacobite Church,2025-09-01,2025-10-31
Feast of St. Mother Teresa,Kochuthura,St. Antony Church,2025-09-01,2025-09-30
Gothuruth Boat Race,N/A,N/A,2025-09-01,2025-09-30
India International Boat Show,Le Meridien International Convention Centre,N/A,2025-09-01,2025-10-31
Janana Thirunal,Thavinjal,Our Lady of Mount Carmel Church,2025-09-01,2025-09-30
Janana Thirunnal,Tirur,St. Mary's Church,2025-09-01,2025-09-30
Kallada Jalolsavam,N/A,N/A,2025-09-01,2025-10-31
Manarcad Perunnal,N/A,N/A,2025-09-01,2025-09-30
Mary Matha Feast,Vaddy,St.Antonys Church,2025-09-01,2025-10-31
Moonnu Nombu Thirunal,Kuruvilangad,Marth Mariam Forane Church,2025-09-01,2025-09-30
Mother Mary's Feast,St. Joseph Forane Church,N/A,2025-09-01,2025-09-30
National Children Theatre Festival,Rangaprabhath Natakagramam,N/A,2025-09-01,2025-10-31
National Children's Theatre Festival,Municipal Town Hall,N/A,2025-09-01,2025-10-31
Navarathri,Chala Bhagavathi Temple,N/A,2025-09-01,2025-10-31
Navarathri,Mamanikunnu Mahadevi Temple,N/A,2025-09-01,2025-10-31
Navarathri,Paramekkavu Bhagavathy Temple,N/A,2025-09-01,2025-10-31
Navarathri,Pavakula Sree Mahadeva Temple,N/A,2025-09-01,2025-10-31
Navarathri,Pullukulangara Dharma Sastha Temple,N/A,2025-09-01,2025-10-31
Navarathri,Thalikkavu,Pillayar Kovil,2025-09-01,2025-10-31
Navarathri Chirappu,Anandavalleeswaram Mahadeva Temple,N/A,2025-09-01,2025-10-31
Navarathri Cultural Festival,Ambalakkulangara Devi Temple,N/A,2025-09-01,2025-10-31
Navarathri Cultural Festival,Thayatt Ayyappa Temple,N/A,2025-09-01,2025-10-31
Navarathri Cultural Festival Kadungonchira Sree Mahaganapathy Temple,N/A,N/A,2025-09-01,2025-10-31
Navarathri Dance & Music Festival,Sree Pattuparambu Bhagavathy Kavu,N/A,2025-09-01,2025-10-31
Navarathri Festival,Kanchi Sree Kammakshi Amman Temple,N/A,2025-09-01,2025-10-31
Navarathri Festival,Kumaranalloor Devi Temple,N/A,2025-09-01,2025-10-31
Navarathri Festival,Melakkam Sree Kalikavu Bhagavathy Temple,N/A,2025-09-01,2025-10-31
Navarathri festival,Nareekkamvalli,Arathil Sree Bhadrapuram Kshetram,2025-09-01,2025-10-31
Navarathri Festival,Palarivattom,Sri Raja Rajeswari Temple,2025-09-01,2025-10-31
Navarathri Festival,Pisharikavu Bhagavathy Temple,N/A,2025-09-01,2025-10-31
Navarathri Festival,Sree Kadambuzha Bhagavathy Temple,N/A,2025-09-01,2025-10-31
Navarathri Festival,Sree Manakulangara Bhagavathy Temple,N/A,2025-09-01,2025-10-31
Navarathri Festival,Sree Muthrukunnu Bhagavathy Temple,N/A,2025-09-01,2025-10-31
Navarathri Festival,Sree Triprangode Maha Siva Temple,N/A,2025-09-01,2025-10-31
Navarathri Festival,Thuiruvullakkavu Sree Dharma Sastha Temple,N/A,2025-09-01,2025-10-31
Navarathri Festival,Vellanad Sree Bhagavathy Temple,N/A,2025-09-01,2025-10-31
Navarathri Mahothsavam Kanyakaparameswari Temple,N/A,N/A,2025-09-01,2025-10-31
Navarathri Mahotsavam,Chenthitta Devi Temple,N/A,2025-09-01,2025-10-31
Navarathri Mahotsavam,Kanchikamakshiamman Temple,N/A,2025-09-01,2025-10-31
Navarathri Mahotsavam,Pallikkunnu Mookambika Temple,N/A,2025-09-01,2025-10-31
Navarathri Mahotsavam,Panachikkad,N/A,2025-09-01,2025-10-31
Navarathri Mahotsavam,Sree Muthumariyamman Kovil,N/A,2025-09-01,2025-10-31
Navarathri Mahotsavam,Sree Puthiyakavu Bhagavathi Temple,N/A,2025-09-01,2025-10-31
Navarathri Mahotsavam,Thedangazhikunnu Shiva Bhuvaneswari Temple,N/A,2025-09-01,2025-10-31
Navarathri Mahotsavam,Thrikkavu Sree Durga Bhagawathy Temple,N/A,2025-09-01,2025-10-31
Navarathri Mahotsavom,Calicut,Thalisree Renuka Mariamman Temple,2025-09-01,2025-10-31
Navarathri Music Festival,Mulamkadakam Devi Temple,N/A,2025-09-01,2025-10-31
Navarathri Music Festival,Pathiyoor,Major Sree Durga Temple,2025-09-01,2025-10-31
Navarathri Nritha Sangeethotsavam,Chakkulathukavu Bhagavathy Temple,N/A,2025-09-01,2025-10-31
Navarathri Sangeethotsavam,Narukara,Narumadhura Meenakshi Temple,2025-09-01,2025-10-31
Navaratri Sangeethotsavam,Fort Palace Complex,N/A,2025-09-01,2025-10-31
Nritha Sangeethotsavam,Poonkudil Mana,N/A,2025-09-01,2025-10-31
Perunnal,Edoor St. Mary's Shrine,N/A,2025-09-01,2025-09-30
Perunnal,Panamaram,Padre Pio Shrine,2025-09-01,2025-10-31
Perunnal Pazhanji St. Mary's Church,N/A,N/A,2025-09-01,2025-10-31
Piravi Thirunal,Thrissilery,St. George Church,2025-09-01,2025-09-30
Pooram Padayani,Neelamperoor,Palli Bhagavathy Temple,2025-09-01,2025-09-30
Samyuktha Thirunal I,Vannapuram,Mar Sleeva Town Church,2025-09-01,2025-09-30
Spice Route Culinary Festival,Kochi,Bolgatty Palace,2025-09-01,2025-09-30
St.Mary's Feast,Athirampuzha,St Mary's Forane Church,2025-09-01,2025-09-30
Surf Fishing Competition,Kochi,Njarckkal Beach,2025-09-01,2025-10-31
Thiru Uthsavam Sree Rajarajeshwari Temple,Mullackal,N/A,2025-09-01,2025-10-31
Uroos,Malik Deenar Juma Masjid,N/A,2025-09-01,2025-10-31
Vallarpadathamma Thirunal,Basilica of Our Lady of Ransom,N/A,2025-09-01,2025-09-30
Adupputty Perunnal,Parayil St George Orthodox Syrian Church,N/A,2025-10-01,2025-10-31
Alpashi Utsavam,Sree Padmanabhaswamy Temple,N/A,2025-10-01,2025-11-30
Annual Fest,Palarivattom,Mamangam School of Dance,2025-10-01,2025-10-31
Annual Festival,Pilakkave,Chamundeswary Devi Temple,2025-10-01,2025-11-30
Chathapuram Ratholsavam,Maha Ganapathy Temple,N/A,2025-10-01,2025-11-30
Cheppad Perunnal,St. George Orthodox Church,N/A,2025-10-01,2025-10-31
Cheriya Pattu Mahotsavam,Chandragiri,Kizhur Sastha Temple,2025-10-01,2025-11-30
Darshana Thirunnal,St. Francis Wadakancherry,N/A,2025-10-01,2025-10-31
Dharani Kalotsav,Society Dharani,N/A,2025-10-01,2025-11-30
Feast of Mar Mathew Kavukattu Father,St Marys Cathedral Changanassery,N/A,2025-10-01,2025-10-31
Feast of Mother Mary,Kalloorkkadu St. Mary's Catholic Forane Church,N/A,2025-10-01,2025-10-31
Feast of Saint Raphael,Ollur,St. Anthony's Forane Church,2025-10-01,2025-10-31
Feast of St. Jude,St. Jacob' Church,N/A,2025-10-01,2025-10-31
Kadalundi Vavulsavam,Pediyattu Bhagavathi Temple,N/A,2025-10-01,2025-10-31
Kanni 20 Perunnal,Kothamangalam,Mar Thoma Cheriapally,2025-10-01,2025-10-31
Kontha Namaskaram,Thrissilery,St. George Church,2025-10-01,2025-10-31
Koratty Muthy Thirunal,Koratty Muthy Church,N/A,2025-10-01,2025-10-31
Kovalam Literary Festival,VJT Hall,N/A,2025-10-01,2025-11-30
Kuzhalmannam Ratholsavam,Lekshmi Narayana Temple,N/A,2025-10-01,2025-10-31
Mamburam Nercha,Mamburam Masjid,N/A,2025-10-01,2025-11-30
Mannarasala Ayilyam,Sree Nagaraja Temple,N/A,2025-10-01,2025-11-30
Navanal Thirunal,Thiruvalla,St John's Cathedral,2025-10-01,2025-10-31
Navarathri,North Paravur,Dakshina Mookambika Temple,2025-10-01,2025-10-31
Navarathri,Thazhoor Bhagavathy Temple,N/A,2025-10-01,2025-10-31
Navarathri Aghosham,Annur Mahavishnu Temple,N/A,2025-10-01,2025-10-31
Navarathri Festival,Pallavoor Siva Temple,N/A,2025-10-01,2025-10-31
Navaratri Utsavam,Mridanga Saileswari Temple,N/A,2025-10-01,2025-10-31
Neelakurinji Fest,Munnar,N/A,2025-10-01,2025-10-31
Neelakurinji Fest,N/A,N/A,2025-10-01,2025-10-31
Parumala Perunnal,Parumala Church,N/A,2025-10-01,2025-11-30
Ratholsavam,Manthakkara Sree Maha Ganapathy Temple,N/A,2025-10-01,2025-11-30
St. Jude's Feast,Thonichal,St. Sebastian's Church,2025-10-01,2025-10-31
Surya Dance and Music Festival,Tagore Theatre,N/A,2025-10-01,2025-10-31
Swaralaya Samanwayam,Swaralaya,N/A,2025-10-01,2025-10-31
Thaipooya Mahotsavam,Thayamkulangara Subrahmanya Temple,N/A,2025-10-01,2025-11-30
The Celebration of the Rossary,Mullackal,Mar Sleeva Forane Church,2025-10-01,2025-10-31
Thiru Uthsavam,Kalarcode,Sree Mahadeva Temple,2025-10-01,2025-11-30
Thirunal Mahamaham,St.Mary's Assumption Forane Church,N/A,2025-10-01,2025-10-31
Thiruvona Utsavam,Alathiyur Hanuman Temple,N/A,2025-10-01,2025-11-30
Uthara Malabar Jalotsavam,Nileshwaram,Thejaswini River,2025-10-01,2025-10-31
Vavu Utsavam,Thrikkandiyoor Siva Temple,N/A,2025-10-01,2025-11-30
Vavu Vela,Alukkal,N/A,2025-10-01,2025-11-30
Aarattu Mahotsavam Thrikkunnapuzha Dharmasastha Temple,N/A,N/A,2025-11-01,2025-12-31
Amalolbhava Thirunnal,Parel,St. Mary's Church,2025-11-01,2025-12-31
Amalothbhava Thirunnal,Thodupuzha,Divine Mercy Shrine Of Holy Mary,2025-11-01,2025-12-31
Aradhana Mahotsavam,Kunjimangalam,Madathumpadi Sree Bhoothanada Temple,2025-11-01,2025-12-31
Aradhana Mahotsavam,Payyannur,Subrahmanya Swamy Temple,2025-11-01,2025-11-30
Athbhutha Kashuroopa Mathavinte Thirunal,Mary Rani Catholic Church,N/A,2025-11-01,2025-12-31
Basilica Festival,Our Lady of Dolours Basilica Church,N/A,2025-11-01,2025-11-30
Bhagavatha Sapthaham,Edakkad,Subramanya swamy Temple,2025-11-01,2025-12-31
Chanthatam,Peruvemba,Sree Oottukulangara Bhagavathy Temple,2025-11-01,2025-12-31
Chembai Sangeetholsavam,Guruvayur,N/A,2025-11-01,2025-12-31
Christhuraja Thirunnal Mahamahom,Vettucaud,N/A,2025-11-01,2025-11-30
Decathlon Sports Utsav,Kalamassery,N/A,2025-11-01,2025-11-30
Deepa Mahotsavam,Thrikodithanam Mahavishnu Temple,N/A,2025-11-01,2025-12-31
Edappally Music Festival,Changampuzha Samskarika Kendram,N/A,2025-11-01,2025-11-30
Ekadashi Mahotsavam,Pallikunnu,Kanathur Mahavishnu Temple,2025-11-01,2025-12-31
Ekadasi Vilakku Mahotsavam,Thirumanikkara Temple,N/A,2025-11-01,2025-12-31
Feast of Angel Michael,Neyyassery,St. Sebastian's Church,2025-11-01,2025-11-30
Feast of Christ The King,Rajakkad,Christuraja Forane Church,2025-11-01,2025-11-30
Feast of Fathima Matha,St. Andrew's Church,N/A,2025-11-01,2025-11-30
Feast of Margregarious Bava,Manathavady,St. Thomas Orthodox Church,2025-11-01,2025-11-30
Feast of St. Andrew,St. Andrew'Church,N/A,2025-11-01,2025-11-30
Feast of St. Elizabeth,Arayour,St. Elizabeth Church,2025-11-01,2025-11-30
Feast of St. Francis Xavier,St. Xavier's Church,N/A,2025-11-01,2025-12-31
Garuda Festival,Vellamassery Garudan Kavu,N/A,2025-11-01,2025-12-31
Hanukka,Mattancherry,N/A,2025-11-01,2025-12-31
Janabheri National Theatre Festival,Chembukkavu,N/A,2025-11-01,2025-11-30
Kadavallur Anyonyam,Kadavallur Anyonya Parishath,N/A,2025-11-01,2025-12-31
Kaliyatta Mahotsavam,Kokkanisseri,Sree Kannagatt Bhagavathy Temple,2025-11-01,2025-12-31
Kalpathy Ratholsavam,N/A,N/A,2025-11-01,2025-11-30
Kambala Buffalo Race,Northern Kasargod,N/A,2025-11-01,2025-12-31
Kodiyetta Mahotsavam,Kunjimangalam Sree Thripankara Shivasakthi Temple,N/A,2025-11-01,2025-12-31
Kuzhur Ekadashi Mahotsavam,Sree Subramanya Swami Temple,N/A,2025-11-01,2025-12-31
Mandala Chirappu Mahotsavam,Pullukulangara Dharma Sastha Temple,N/A,2025-11-01,2025-12-31
Mandala Pooja Maholsavam,Hanuman Temple,N/A,2025-11-01,2025-12-31
Mandala Vilakku,Edakkad,Oorpazhachi Kavu,2025-11-01,2025-12-31
Mandalachirappu Mahotsavam,Sakthikulangara Sree Dharma Sastha Temple,N/A,2025-11-01,2025-12-31
Mandalamasa Utsavam,Viruttanam Bhagavathy Temple,N/A,2025-11-01,2025-12-31
Mandalavilakku Utsavam,Sree Lokanarkavu Temple,N/A,2025-11-01,2025-12-31
Manjeshwar Shashti,Manjeshwar,Srimath Anantheshwar Temple,2025-11-01,2025-12-31
Pana Vellari Pooja,Thiruvenkidom Temple,N/A,2025-11-01,2025-12-31
Parakkezhunnallath Mahotsavam,Anachal Ayyappa Temple,N/A,2025-11-01,2025-12-31
Paramekkavu Vela,Paramekkavu Bagavathy Temple,N/A,2025-11-01,2025-12-31
Pattu Mahotsavam,Punnakkal Bhagavathy Temple,N/A,2025-11-01,2025-11-30
Pongala Mahotsavam,Chakkulathukavu BhagavathyTemple,N/A,2025-11-01,2025-12-31
Presidents Trophy Boat Race,N/A,N/A,2025-11-01,2025-11-30
Pullichira Pilgrimage,Pullichira Church,N/A,2025-11-01,2025-12-31
Puthari Thiruvappana Festival,Parassinikadavu,Muthappan Temple,2025-11-01,2025-12-31
Puthari Thiruvappana Mahothsavam,N/A,N/A,2025-11-01,2025-12-31
Puthari Thiruvappana Mahotsavam,Muthappan Temple,N/A,2025-11-01,2025-12-31
Ratholsavam,Gosripuram,Venkatachalapathy Temple,2025-11-01,2025-12-31
Sasthapreethi and mandalakalam,Nurani Village,N/A,2025-11-01,2025-12-31
Shashti Mahotsavam,Thalaklayi Subrahmanya Temple,N/A,2025-11-01,2025-12-31
Skanda Shashti Utsavam,Munnar,Pranava Subrahmanya Temple,2025-11-01,2025-12-31
Soorasamhara Mahotsavam,Thiruvannur,Subrahmanya Swami Temple,2025-11-01,2025-11-30
Sthapana Perunnal,Adimali,St. George Jacobite Cathedral,2025-11-01,2025-11-30
Thiru Uthsavam,Thiruvambady,Sreekrishna Swamy Temple,2025-11-01,2025-12-31
Thirunnal Mahamaham,Chinnakada,St. Francis Xavier Church,2025-11-01,2025-12-31
Thiruvachana Masacharanam,St Thomas Church Palayoor,N/A,2025-11-01,2025-12-31
Thiruvathira Mahotsavam,Chengalloor Sree Mahadeva Temple,N/A,2025-11-01,2025-12-31
Thiruvutsavam,Elamkunnapuzha,Subramanya Temple,2025-11-01,2025-12-31
Thrikarthika,Munnar,Subramanya Temple,2025-11-01,2025-12-31
Thrikarthika Festival,Kumaranalloor Devi Temple,N/A,2025-11-01,2025-12-31
Thrikkaarthika Mahotsavam,Kallil,Bhagavathy Temple,2025-11-01,2025-12-31
Thrikkarthika,Chottanikkara Bhagavathy Temple,N/A,2025-11-01,2025-12-31
Thrikkarthika Maholsavam,Aruvikkara,Sree Bhagavathi Temple,2025-11-01,2025-12-31
Thrikkarthika Mahotsavam,Kadambuzha Bhagavathy Temple,N/A,2025-11-01,2025-12-31
Thripunithura Athachamayam,Thrippunithura,Sree Poornathrayeesa Temple,2025-11-01,2025-12-31
Thumpoly Palliperunal,St. Thomas Church,N/A,2025-11-01,2025-12-31
Utsavam,Thrissala Bhagavathy Temple,N/A,2025-11-01,2025-12-31
Valiya Pattu Mahotsavam,Chandragiri,Kizhur Sastha Temple,2025-11-01,2025-12-31
Vrishchika Mahotsavam,Oachira Parabrahma Temple,N/A,2025-11-01,2025-12-31
Vrishchikotsavam,Kayamkulam,Sree Vithoba Temple,2025-11-01,2025-12-31
Vrishchikotsavam,Thripunithura,Sree Poornathrayeesa Temple,2025-11-01,2025-12-31
Annual Festival,Perdala,Udaneshwara Temple,2025-12-01,2025-12-31
Annual Music and Dance Festival,Ottapalam,CSN Auditorium,2025-12-01,2025-12-31
Chandanakudam,Puthurpalli Juma Masjid,N/A,2025-12-01,2025-12-31
Cherai Beach Festival,N/A,N/A,2025-12-01,2025-12-31
Chuvadi Fest,Gothuruth,N/A,2025-12-01,2025-12-31
Edavaka Feast,St Joseph Forane Church,N/A,2025-12-01,2025-12-31
Feast of Our Lady of Fatima,Fort Kochi,Santa Cruz Cathedral Basilica,2025-12-01,2025-12-31
Feast Of Our Lady Of Immaculate,Pullichira Church,N/A,2025-12-01,2025-12-31
Feast of Our Lady of Immaculate Conception,Thaikudam,St. Raphel's Church,2025-12-01,2025-12-31
International Film Festival of Kerala,Kerala Chalachitra Academy,N/A,2025-12-01,2025-12-31
International Film Festival Of Kerala,N/A,N/A,2025-12-01,2025-12-31
Kerala Bamboo Fest,Marine Drive,N/A,2025-12-01,2025-12-31
Keralothsavam,N/A,N/A,2025-12-01,2025-12-31
Kochu Perunnal,Puthupally,St George Orthodox Church,2025-12-01,2025-12-31
Niranam Perunnal,Niranam Church,N/A,2025-12-01,2025-12-31
Our Lady of Lourdes Metropolitan Cathedral Feast,Our Lady of Lourdes Metropolitan Cathedral,N/A,2025-12-01,2025-12-31
Puthan Palli Nercha,Perumbadappu Puthan Palli,N/A,2025-12-01,2025-12-31
Rememberance of Saint Baselios Geevarghese,Vakathanam Vallikkatu Dayara,N/A,2025-12-01,2025-12-31
Sankeertana Saptaha,Varadaraja Venkataramana Temple,N/A,2025-12-01,2025-12-31
Sree Sankara Dance and Music Festival,Kalady,Periyar River Bank,2025-12-01,2025-12-31
Thadi Arangu,Kuruvattur,N/A,2025-12-01,2025-12-31
Thalappoli Mahotsvam,Edappally,Anchumana Devi Temple,2025-12-01,2025-12-31
Thiru Kalyanam Festival,Aryankavu Sree Dharma Sastha Temple,N/A,2025-12-01,2025-12-31
Thiruvuthsavam,Changanassery,Kavil Bhagavathy Temple,2025-12-01,2025-12-31
Thiruvutsavam,Anachal,Anachal Ayyappa Temple,2025-12-01,2025-12-31
Vaikathashtami Festival,Vaikom Mahadeva Temple,N/A,2025-12-01,2025-12-31